"LOCATION","INDICATOR","SUBJECT","MEASURE","FREQUENCY","TIME","Value","Flag Codes"
"AUS","QGDP","VOLIDX","IDX","Q","2015-Q1",99.298241172,
"AUS","QGDP","VOLIDX","IDX","Q","2015-Q2",99.378385564,
"AUS","QGDP","VOLIDX","IDX","Q","2015-Q3",100.396923909,
"AUS","QGDP","VOLIDX","IDX","Q","2015-Q4",101.028171084,
"AUS","QGDP","VOLIDX","IDX","Q","2016-Q1",101.925171779,
"AUS","QGDP","VOLIDX","IDX","Q","2016-Q2",102.541887279,
"AUS","QGDP","VOLIDX","IDX","Q","2016-Q3",102.664525813,
"AUS","QGDP","VOLIDX","IDX","Q","2016-Q4",103.781263056,
"AUS","QGDP","VOLIDX","IDX","Q","2017-Q1",104.08290541,
"AUS","QGDP","VOLIDX","IDX","Q","2017-Q2",104.682226935,
"AUS","QGDP","VOLIDX","IDX","Q","2017-Q3",105.702086341,
"AUS","QGDP","VOLIDX","IDX","Q","2017-Q4",106.216639759,
"AUS","QGDP","VOLIDX","IDX","Q","2018-Q1",107.215362183,
"AUS","QGDP","VOLIDX","IDX","Q","2018-Q2",107.997870889,
"AUS","QGDP","VOLIDX","IDX","Q","2018-Q3",108.455618667,
"AUS","QGDP","VOLIDX","IDX","Q","2018-Q4",108.69627202,
"AUS","QGDP","VOLIDX","IDX","Q","2019-Q1",109.238567727,
"AUS","QGDP","VOLIDX","IDX","Q","2019-Q2",109.76699229,
"AUS","QGDP","VOLIDX","IDX","Q","2019-Q3",110.679845722,
"AUS","QGDP","VOLIDX","IDX","Q","2019-Q4",111.251645134,
"AUS","QGDP","VOLIDX","IDX","Q","2020-Q1",111.000863644,
"AUS","QGDP","VOLIDX","IDX","Q","2020-Q2",103.208582936,
"AUS","QGDP","VOLIDX","IDX","Q","2020-Q3",106.814640223,
"AUS","QGDP","VOLIDX","IDX","Q","2020-Q4",110.487631287,
"AUS","QGDP","VOLIDX","IDX","Q","2021-Q1",112.638759611,
"AUS","QGDP","VOLIDX","IDX","Q","2021-Q2",113.301492084,
"AUS","QGDP","VOLIDX","IDX","Q","2021-Q3",111.228306383,
"AUS","QGDP","VOLIDX","IDX","Q","2021-Q4",115.514490117,
"AUS","QGDP","VOLIDX","IDX","Q","2022-Q1",116.335749958,
"AUS","QGDP","VOLIDX","IDX","Q","2022-Q2",117.374544578,
"AUT","QGDP","VOLIDX","IDX","Q","2015-Q1",99.508227476,
"AUT","QGDP","VOLIDX","IDX","Q","2015-Q2",99.656825128,
"AUT","QGDP","VOLIDX","IDX","Q","2015-Q3",100.356088311,
"AUT","QGDP","VOLIDX","IDX","Q","2015-Q4",100.511033322,
"AUT","QGDP","VOLIDX","IDX","Q","2016-Q1",101.246690114,
"AUT","QGDP","VOLIDX","IDX","Q","2016-Q2",101.608171152,
"AUT","QGDP","VOLIDX","IDX","Q","2016-Q3",102.085490599,
"AUT","QGDP","VOLIDX","IDX","Q","2016-Q4",103.029585419,
"AUT","QGDP","VOLIDX","IDX","Q","2017-Q1",103.340252739,
"AUT","QGDP","VOLIDX","IDX","Q","2017-Q2",104.063307766,
"AUT","QGDP","VOLIDX","IDX","Q","2017-Q3",104.720092567,
"AUT","QGDP","VOLIDX","IDX","Q","2017-Q4",105.349011967,
"AUT","QGDP","VOLIDX","IDX","Q","2018-Q1",106.108778959,
"AUT","QGDP","VOLIDX","IDX","Q","2018-Q2",106.419740235,
"AUT","QGDP","VOLIDX","IDX","Q","2018-Q3",106.813444891,
"AUT","QGDP","VOLIDX","IDX","Q","2018-Q4",108.204525921,
"AUT","QGDP","VOLIDX","IDX","Q","2019-Q1",108.588312757,
"AUT","QGDP","VOLIDX","IDX","Q","2019-Q2",108.320091287,
"AUT","QGDP","VOLIDX","IDX","Q","2019-Q3",108.756732106,
"AUT","QGDP","VOLIDX","IDX","Q","2019-Q4",108.259891891,
"AUT","QGDP","VOLIDX","IDX","Q","2020-Q1",105.482175188,
"AUT","QGDP","VOLIDX","IDX","Q","2020-Q2",93.621985538,
"AUT","QGDP","VOLIDX","IDX","Q","2020-Q3",104.138281645,
"AUT","QGDP","VOLIDX","IDX","Q","2020-Q4",102.166398206,
"AUT","QGDP","VOLIDX","IDX","Q","2021-Q1",101.117196114,
"AUT","QGDP","VOLIDX","IDX","Q","2021-Q2",105.343262979,
"AUT","QGDP","VOLIDX","IDX","Q","2021-Q3",109.75622659,
"AUT","QGDP","VOLIDX","IDX","Q","2021-Q4",108.352333494,
"AUT","QGDP","VOLIDX","IDX","Q","2022-Q1",109.783595867,
"AUT","QGDP","VOLIDX","IDX","Q","2022-Q2",111.851270613,
"AUT","QGDP","VOLIDX","IDX","Q","2022-Q3",111.706122586,
"BEL","QGDP","VOLIDX","IDX","Q","2015-Q1",99.299977682,
"BEL","QGDP","VOLIDX","IDX","Q","2015-Q2",99.967122709,
"BEL","QGDP","VOLIDX","IDX","Q","2015-Q3",100.158146969,
"BEL","QGDP","VOLIDX","IDX","Q","2015-Q4",100.575712561,
"BEL","QGDP","VOLIDX","IDX","Q","2016-Q1",100.633307815,
"BEL","QGDP","VOLIDX","IDX","Q","2016-Q2",101.186222255,
"BEL","QGDP","VOLIDX","IDX","Q","2016-Q3",101.363807622,
"BEL","QGDP","VOLIDX","IDX","Q","2016-Q4",101.884084751,
"BEL","QGDP","VOLIDX","IDX","Q","2017-Q1",102.548350016,
"BEL","QGDP","VOLIDX","IDX","Q","2017-Q2",102.796009609,
"BEL","QGDP","VOLIDX","IDX","Q","2017-Q3",102.729775067,
"BEL","QGDP","VOLIDX","IDX","Q","2017-Q4",103.553387201,
"BEL","QGDP","VOLIDX","IDX","Q","2018-Q1",103.939275404,
"BEL","QGDP","VOLIDX","IDX","Q","2018-Q2",104.409636646,
"BEL","QGDP","VOLIDX","IDX","Q","2018-Q3",104.81760303,
"BEL","QGDP","VOLIDX","IDX","Q","2018-Q4",105.841838632,
"BEL","QGDP","VOLIDX","IDX","Q","2019-Q1",106.114456169,
"BEL","QGDP","VOLIDX","IDX","Q","2019-Q2",106.693288473,
"BEL","QGDP","VOLIDX","IDX","Q","2019-Q3",107.469864483,
"BEL","QGDP","VOLIDX","IDX","Q","2019-Q4",108.118771013,
"BEL","QGDP","VOLIDX","IDX","Q","2020-Q1",105.013426894,"P"
"BEL","QGDP","VOLIDX","IDX","Q","2020-Q2",93.04417316,"P"
"BEL","QGDP","VOLIDX","IDX","Q","2020-Q3",103.959433743,"P"
"BEL","QGDP","VOLIDX","IDX","Q","2020-Q4",103.411318907,"P"
"BEL","QGDP","VOLIDX","IDX","Q","2021-Q1",104.822402634,"P"
"BEL","QGDP","VOLIDX","IDX","Q","2021-Q2",106.632813456,"P"
"BEL","QGDP","VOLIDX","IDX","Q","2021-Q3",109.110369306,"P"
"BEL","QGDP","VOLIDX","IDX","Q","2021-Q4",109.73239805,"P"
"BEL","QGDP","VOLIDX","IDX","Q","2022-Q1",110.355386716,"P"
"BEL","QGDP","VOLIDX","IDX","Q","2022-Q2",110.95533728,"P"
"BEL","QGDP","VOLIDX","IDX","Q","2022-Q3",110.844381943,
"CAN","QGDP","VOLIDX","IDX","Q","2015-Q1",100.009025876,
"CAN","QGDP","VOLIDX","IDX","Q","2015-Q2",99.736829227,
"CAN","QGDP","VOLIDX","IDX","Q","2015-Q3",100.089600216,
"CAN","QGDP","VOLIDX","IDX","Q","2015-Q4",100.164544682,
"CAN","QGDP","VOLIDX","IDX","Q","2016-Q1",100.713948051,
"CAN","QGDP","VOLIDX","IDX","Q","2016-Q2",100.218725761,
"CAN","QGDP","VOLIDX","IDX","Q","2016-Q3",101.252194973,
"CAN","QGDP","VOLIDX","IDX","Q","2016-Q4",101.820708922,
"CAN","QGDP","VOLIDX","IDX","Q","2017-Q1",102.927418144,
"CAN","QGDP","VOLIDX","IDX","Q","2017-Q2",103.980411138,
"CAN","QGDP","VOLIDX","IDX","Q","2017-Q3",104.41907644,
"CAN","QGDP","VOLIDX","IDX","Q","2017-Q4",104.959957523,
"CAN","QGDP","VOLIDX","IDX","Q","2018-Q1",105.8786083,
"CAN","QGDP","VOLIDX","IDX","Q","2018-Q2",106.709866909,
"CAN","QGDP","VOLIDX","IDX","Q","2018-Q3",107.446295717,
"CAN","QGDP","VOLIDX","IDX","Q","2018-Q4",107.812547413,
"CAN","QGDP","VOLIDX","IDX","Q","2019-Q1",107.910269626,
"CAN","QGDP","VOLIDX","IDX","Q","2019-Q2",108.979377488,
"CAN","QGDP","VOLIDX","IDX","Q","2019-Q3",109.335350791,
"CAN","QGDP","VOLIDX","IDX","Q","2019-Q4",109.664104428,
"CAN","QGDP","VOLIDX","IDX","Q","2020-Q1",107.298317843,
"CAN","QGDP","VOLIDX","IDX","Q","2020-Q2",95.449861132,
"CAN","QGDP","VOLIDX","IDX","Q","2020-Q3",104.025036927,
"CAN","QGDP","VOLIDX","IDX","Q","2020-Q4",106.305703953,
"CAN","QGDP","VOLIDX","IDX","Q","2021-Q1",107.467575607,
"CAN","QGDP","VOLIDX","IDX","Q","2021-Q2",106.616380014,
"CAN","QGDP","VOLIDX","IDX","Q","2021-Q3",108.0107293,
"CAN","QGDP","VOLIDX","IDX","Q","2021-Q4",109.741683056,
"CAN","QGDP","VOLIDX","IDX","Q","2022-Q1",110.581154049,
"CAN","QGDP","VOLIDX","IDX","Q","2022-Q2",111.473669816,
"CAN","QGDP","VOLIDX","IDX","Q","2022-Q3",111.919564496,
"CZE","QGDP","VOLIDX","IDX","Q","2015-Q1",98.289134423,
"CZE","QGDP","VOLIDX","IDX","Q","2015-Q2",99.623944248,
"CZE","QGDP","VOLIDX","IDX","Q","2015-Q3",100.829726781,
"CZE","QGDP","VOLIDX","IDX","Q","2015-Q4",101.428164358,
"CZE","QGDP","VOLIDX","IDX","Q","2016-Q1",101.587805364,
"CZE","QGDP","VOLIDX","IDX","Q","2016-Q2",101.924469741,
"CZE","QGDP","VOLIDX","IDX","Q","2016-Q3",102.838124798,
"CZE","QGDP","VOLIDX","IDX","Q","2016-Q4",103.631400504,
"CZE","QGDP","VOLIDX","IDX","Q","2017-Q1",105.341531006,
"CZE","QGDP","VOLIDX","IDX","Q","2017-Q2",107.953814802,
"CZE","QGDP","VOLIDX","IDX","Q","2017-Q3",108.855881617,
"CZE","QGDP","VOLIDX","IDX","Q","2017-Q4",109.741171424,
"CZE","QGDP","VOLIDX","IDX","Q","2018-Q1",110.335630947,
"CZE","QGDP","VOLIDX","IDX","Q","2018-Q2",110.999533444,
"CZE","QGDP","VOLIDX","IDX","Q","2018-Q3",111.790474206,
"CZE","QGDP","VOLIDX","IDX","Q","2018-Q4",112.616352653,
"CZE","QGDP","VOLIDX","IDX","Q","2019-Q1",113.643382227,
"CZE","QGDP","VOLIDX","IDX","Q","2019-Q2",114.408552123,
"CZE","QGDP","VOLIDX","IDX","Q","2019-Q3",115.176921756,
"CZE","QGDP","VOLIDX","IDX","Q","2019-Q4",115.733676253,
"CZE","QGDP","VOLIDX","IDX","Q","2020-Q1",111.980901885,
"CZE","QGDP","VOLIDX","IDX","Q","2020-Q2",102.072003629,
"CZE","QGDP","VOLIDX","IDX","Q","2020-Q3",109.169283029,
"CZE","QGDP","VOLIDX","IDX","Q","2020-Q4",110.414413698,
"CZE","QGDP","VOLIDX","IDX","Q","2021-Q1",109.844946727,
"CZE","QGDP","VOLIDX","IDX","Q","2021-Q2",111.390506895,
"CZE","QGDP","VOLIDX","IDX","Q","2021-Q3",113.282849531,
"CZE","QGDP","VOLIDX","IDX","Q","2021-Q4",114.242165721,
"CZE","QGDP","VOLIDX","IDX","Q","2022-Q1",114.951123995,
"CZE","QGDP","VOLIDX","IDX","Q","2022-Q2",115.469914026,
"CZE","QGDP","VOLIDX","IDX","Q","2022-Q3",115.045818958,
"DNK","QGDP","VOLIDX","IDX","Q","2015-Q1",99.444599252,
"DNK","QGDP","VOLIDX","IDX","Q","2015-Q2",99.909774311,
"DNK","QGDP","VOLIDX","IDX","Q","2015-Q3",100.211155044,
"DNK","QGDP","VOLIDX","IDX","Q","2015-Q4",100.434450675,
"DNK","QGDP","VOLIDX","IDX","Q","2016-Q1",101.591514849,
"DNK","QGDP","VOLIDX","IDX","Q","2016-Q2",102.965680054,
"DNK","QGDP","VOLIDX","IDX","Q","2016-Q3",103.839222174,
"DNK","QGDP","VOLIDX","IDX","Q","2016-Q4",104.587380627,
"DNK","QGDP","VOLIDX","IDX","Q","2017-Q1",105.271790643,
"DNK","QGDP","VOLIDX","IDX","Q","2017-Q2",106.44849522,
"DNK","QGDP","VOLIDX","IDX","Q","2017-Q3",106.058069709,
"DNK","QGDP","VOLIDX","IDX","Q","2017-Q4",106.858768311,
"DNK","QGDP","VOLIDX","IDX","Q","2018-Q1",107.405944122,
"DNK","QGDP","VOLIDX","IDX","Q","2018-Q2",107.945765142,
"DNK","QGDP","VOLIDX","IDX","Q","2018-Q3",108.595742301,
"DNK","QGDP","VOLIDX","IDX","Q","2018-Q4",109.138008012,
"DNK","QGDP","VOLIDX","IDX","Q","2019-Q1",108.899919926,
"DNK","QGDP","VOLIDX","IDX","Q","2019-Q2",109.99454088,
"DNK","QGDP","VOLIDX","IDX","Q","2019-Q3",110.497567221,
"DNK","QGDP","VOLIDX","IDX","Q","2019-Q4",110.161484301,
"DNK","QGDP","VOLIDX","IDX","Q","2020-Q1",109.898824994,
"DNK","QGDP","VOLIDX","IDX","Q","2020-Q2",102.961515792,
"DNK","QGDP","VOLIDX","IDX","Q","2020-Q3",108.909595103,
"DNK","QGDP","VOLIDX","IDX","Q","2020-Q4",109.016270665,
"DNK","QGDP","VOLIDX","IDX","Q","2021-Q1",110.16904627,
"DNK","QGDP","VOLIDX","IDX","Q","2021-Q2",112.248339215,
"DNK","QGDP","VOLIDX","IDX","Q","2021-Q3",113.109429983,
"DNK","QGDP","VOLIDX","IDX","Q","2021-Q4",116.177061957,
"DNK","QGDP","VOLIDX","IDX","Q","2022-Q1",115.589010076,
"DNK","QGDP","VOLIDX","IDX","Q","2022-Q2",116.586009114,
"FIN","QGDP","VOLIDX","IDX","Q","2015-Q1",98.737374932,
"FIN","QGDP","VOLIDX","IDX","Q","2015-Q2",100.239846725,
"FIN","QGDP","VOLIDX","IDX","Q","2015-Q3",100.230385316,
"FIN","QGDP","VOLIDX","IDX","Q","2015-Q4",100.792393027,
"FIN","QGDP","VOLIDX","IDX","Q","2016-Q1",102.035622206,
"FIN","QGDP","VOLIDX","IDX","Q","2016-Q2",102.194573882,
"FIN","QGDP","VOLIDX","IDX","Q","2016-Q3",103.348865814,
"FIN","QGDP","VOLIDX","IDX","Q","2016-Q4",103.666769165,
"FIN","QGDP","VOLIDX","IDX","Q","2017-Q1",104.724554722,
"FIN","QGDP","VOLIDX","IDX","Q","2017-Q2",106.05861343,
"FIN","QGDP","VOLIDX","IDX","Q","2017-Q3",106.454100338,
"FIN","QGDP","VOLIDX","IDX","Q","2017-Q4",107.142890934,
"FIN","QGDP","VOLIDX","IDX","Q","2018-Q1",107.464578849,
"FIN","QGDP","VOLIDX","IDX","Q","2018-Q2",107.369964756,
"FIN","QGDP","VOLIDX","IDX","Q","2018-Q3",107.19019798,
"FIN","QGDP","VOLIDX","IDX","Q","2018-Q4",107.188305698,
"FIN","QGDP","VOLIDX","IDX","Q","2019-Q1",107.986848641,
"FIN","QGDP","VOLIDX","IDX","Q","2019-Q2",108.910282187,
"FIN","QGDP","VOLIDX","IDX","Q","2019-Q3",108.898928495,
"FIN","QGDP","VOLIDX","IDX","Q","2019-Q4",108.669962391,
"FIN","QGDP","VOLIDX","IDX","Q","2020-Q1",108.54696407,
"FIN","QGDP","VOLIDX","IDX","Q","2020-Q2",101.85585543,
"FIN","QGDP","VOLIDX","IDX","Q","2020-Q3",106.838233555,
"FIN","QGDP","VOLIDX","IDX","Q","2020-Q4",107.646237907,
"FIN","QGDP","VOLIDX","IDX","Q","2021-Q1",107.405918112,
"FIN","QGDP","VOLIDX","IDX","Q","2021-Q2",109.099510372,
"FIN","QGDP","VOLIDX","IDX","Q","2021-Q3",110.121342574,
"FIN","QGDP","VOLIDX","IDX","Q","2021-Q4",110.889609007,
"FIN","QGDP","VOLIDX","IDX","Q","2022-Q1",111.461078128,
"FIN","QGDP","VOLIDX","IDX","Q","2022-Q2",112.547247913,
"FRA","QGDP","VOLIDX","IDX","Q","2015-Q1",99.824942936,
"FRA","QGDP","VOLIDX","IDX","Q","2015-Q2",99.915848212,
"FRA","QGDP","VOLIDX","IDX","Q","2015-Q3",100.129236388,
"FRA","QGDP","VOLIDX","IDX","Q","2015-Q4",100.341446844,
"FRA","QGDP","VOLIDX","IDX","Q","2016-Q1",101.0005101,
"FRA","QGDP","VOLIDX","IDX","Q","2016-Q2",100.665117474,
"FRA","QGDP","VOLIDX","IDX","Q","2016-Q3",100.936177135,
"FRA","QGDP","VOLIDX","IDX","Q","2016-Q4",101.555418727,
"FRA","QGDP","VOLIDX","IDX","Q","2017-Q1",102.327469514,
"FRA","QGDP","VOLIDX","IDX","Q","2017-Q2",103.117977383,
"FRA","QGDP","VOLIDX","IDX","Q","2017-Q3",103.96950588,
"FRA","QGDP","VOLIDX","IDX","Q","2017-Q4",104.632783166,
"FRA","QGDP","VOLIDX","IDX","Q","2018-Q1",104.710880736,
"FRA","QGDP","VOLIDX","IDX","Q","2018-Q2",105.147943737,
"FRA","QGDP","VOLIDX","IDX","Q","2018-Q3",105.53984853,
"FRA","QGDP","VOLIDX","IDX","Q","2018-Q4",106.196409131,
"FRA","QGDP","VOLIDX","IDX","Q","2019-Q1",106.929227114,
"FRA","QGDP","VOLIDX","IDX","Q","2019-Q2",107.643882443,
"FRA","QGDP","VOLIDX","IDX","Q","2019-Q3",107.638527496,
"FRA","QGDP","VOLIDX","IDX","Q","2019-Q4",107.324701871,
"FRA","QGDP","VOLIDX","IDX","Q","2020-Q1",101.365014497,
"FRA","QGDP","VOLIDX","IDX","Q","2020-Q2",87.657069229,
"FRA","QGDP","VOLIDX","IDX","Q","2020-Q3",103.743512418,
"FRA","QGDP","VOLIDX","IDX","Q","2020-Q4",102.827319722,
"FRA","QGDP","VOLIDX","IDX","Q","2021-Q1",102.896731606,
"FRA","QGDP","VOLIDX","IDX","Q","2021-Q2",103.98008696,
"FRA","QGDP","VOLIDX","IDX","Q","2021-Q3",107.439603197,
"FRA","QGDP","VOLIDX","IDX","Q","2021-Q4",108.040534921,
"FRA","QGDP","VOLIDX","IDX","Q","2022-Q1",107.773505271,
"FRA","QGDP","VOLIDX","IDX","Q","2022-Q2",108.315587789,
"FRA","QGDP","VOLIDX","IDX","Q","2022-Q3",108.486964478,
"DEU","QGDP","VOLIDX","IDX","Q","2015-Q1",99.027524803,
"DEU","QGDP","VOLIDX","IDX","Q","2015-Q2",99.757502529,
"DEU","QGDP","VOLIDX","IDX","Q","2015-Q3",100.207490301,
"DEU","QGDP","VOLIDX","IDX","Q","2015-Q4",100.647481311,
"DEU","QGDP","VOLIDX","IDX","Q","2016-Q1",101.492485901,
"DEU","QGDP","VOLIDX","IDX","Q","2016-Q2",101.942496144,
"DEU","QGDP","VOLIDX","IDX","Q","2016-Q3",102.202499183,
"DEU","QGDP","VOLIDX","IDX","Q","2016-Q4",102.572510219,
"DEU","QGDP","VOLIDX","IDX","Q","2017-Q1",103.807529943,
"DEU","QGDP","VOLIDX","IDX","Q","2017-Q2",104.687506676,
"DEU","QGDP","VOLIDX","IDX","Q","2017-Q3",105.45749524,
"DEU","QGDP","VOLIDX","IDX","Q","2017-Q4",106.417472502,
"DEU","QGDP","VOLIDX","IDX","Q","2018-Q1",105.799997007,
"DEU","QGDP","VOLIDX","IDX","Q","2018-Q2",106.549998657,
"DEU","QGDP","VOLIDX","IDX","Q","2018-Q3",105.709995751,
"DEU","QGDP","VOLIDX","IDX","Q","2018-Q4",106.550003944,
"DEU","QGDP","VOLIDX","IDX","Q","2019-Q1",107.31250452,"P"
"DEU","QGDP","VOLIDX","IDX","Q","2019-Q2",107.132494078,"P"
"DEU","QGDP","VOLIDX","IDX","Q","2019-Q3",107.252500158,"P"
"DEU","QGDP","VOLIDX","IDX","Q","2019-Q4",107.532508616,"P"
"DEU","QGDP","VOLIDX","IDX","Q","2020-Q1",106.002573191,"P"
"DEU","QGDP","VOLIDX","IDX","Q","2020-Q2",95.9523277,"P"
"DEU","QGDP","VOLIDX","IDX","Q","2020-Q3",104.592542068,"P"
"DEU","QGDP","VOLIDX","IDX","Q","2020-Q4",105.242554953,"P"
"DEU","QGDP","VOLIDX","IDX","Q","2021-Q1",103.697543095,"P"
"DEU","QGDP","VOLIDX","IDX","Q","2021-Q2",105.697499469,"P"
"DEU","QGDP","VOLIDX","IDX","Q","2021-Q3",106.527475211,"P"
"DEU","QGDP","VOLIDX","IDX","Q","2021-Q4",106.497482283,"P"
"DEU","QGDP","VOLIDX","IDX","Q","2022-Q1",107.347462123,"P"
"DEU","QGDP","VOLIDX","IDX","Q","2022-Q2",107.457458223,"P"
"DEU","QGDP","VOLIDX","IDX","Q","2022-Q3",107.747451547,"P"
"GRC","QGDP","VOLIDX","IDX","Q","2015-Q1",100.56515847,
"GRC","QGDP","VOLIDX","IDX","Q","2015-Q2",100.505242282,
"GRC","QGDP","VOLIDX","IDX","Q","2015-Q3",98.616862207,
"GRC","QGDP","VOLIDX","IDX","Q","2015-Q4",100.38894068,
"GRC","QGDP","VOLIDX","IDX","Q","2016-Q1",99.426296059,
"GRC","QGDP","VOLIDX","IDX","Q","2016-Q2",99.186416526,
"GRC","QGDP","VOLIDX","IDX","Q","2016-Q3",99.474112504,
"GRC","QGDP","VOLIDX","IDX","Q","2016-Q4",100.097543526,
"GRC","QGDP","VOLIDX","IDX","Q","2017-Q1",99.90181011,
"GRC","QGDP","VOLIDX","IDX","Q","2017-Q2",100.427794237,
"GRC","QGDP","VOLIDX","IDX","Q","2017-Q3",101.488973607,
"GRC","QGDP","VOLIDX","IDX","Q","2017-Q4",100.575133067,
"GRC","QGDP","VOLIDX","IDX","Q","2018-Q1",102.004503227,
"GRC","QGDP","VOLIDX","IDX","Q","2018-Q2",102.149647307,
"GRC","QGDP","VOLIDX","IDX","Q","2018-Q3",101.871067603,
"GRC","QGDP","VOLIDX","IDX","Q","2018-Q4",102.555925164,
"GRC","QGDP","VOLIDX","IDX","Q","2019-Q1",103.205064837,"P"
"GRC","QGDP","VOLIDX","IDX","Q","2019-Q2",104.349232205,"P"
"GRC","QGDP","VOLIDX","IDX","Q","2019-Q3",104.247731656,"P"
"GRC","QGDP","VOLIDX","IDX","Q","2019-Q4",103.968079103,"P"
"GRC","QGDP","VOLIDX","IDX","Q","2020-Q1",101.74414207,"P"
"GRC","QGDP","VOLIDX","IDX","Q","2020-Q2",88.194072415,"P"
"GRC","QGDP","VOLIDX","IDX","Q","2020-Q3",92.989654947,"P"
"GRC","QGDP","VOLIDX","IDX","Q","2020-Q4",96.835058242,"P"
"GRC","QGDP","VOLIDX","IDX","Q","2021-Q1",99.929972652,"P"
"GRC","QGDP","VOLIDX","IDX","Q","2021-Q2",101.4429491,"P"
"GRC","QGDP","VOLIDX","IDX","Q","2021-Q3",103.910463264,"P"
"GRC","QGDP","VOLIDX","IDX","Q","2021-Q4",104.870613771,"P"
"GRC","QGDP","VOLIDX","IDX","Q","2022-Q1",107.883817298,"P"
"GRC","QGDP","VOLIDX","IDX","Q","2022-Q2",109.209166109,"P"
"HUN","QGDP","VOLIDX","IDX","Q","2015-Q1",99.237836739,
"HUN","QGDP","VOLIDX","IDX","Q","2015-Q2",99.352316239,
"HUN","QGDP","VOLIDX","IDX","Q","2015-Q3",100.097731425,
"HUN","QGDP","VOLIDX","IDX","Q","2015-Q4",101.133949939,
"HUN","QGDP","VOLIDX","IDX","Q","2016-Q1",100.597130657,
"HUN","QGDP","VOLIDX","IDX","Q","2016-Q2",101.945018952,
"HUN","QGDP","VOLIDX","IDX","Q","2016-Q3",102.465570636,
"HUN","QGDP","VOLIDX","IDX","Q","2016-Q4",103.368937102,
"HUN","QGDP","VOLIDX","IDX","Q","2017-Q1",104.824841331,
"HUN","QGDP","VOLIDX","IDX","Q","2017-Q2",106.110221783,
"HUN","QGDP","VOLIDX","IDX","Q","2017-Q3",107.055206758,
"HUN","QGDP","VOLIDX","IDX","Q","2017-Q4",108.606348504,
"HUN","QGDP","VOLIDX","IDX","Q","2018-Q1",110.542318462,
"HUN","QGDP","VOLIDX","IDX","Q","2018-Q2",111.576637945,
"HUN","QGDP","VOLIDX","IDX","Q","2018-Q3",113.191671768,
"HUN","QGDP","VOLIDX","IDX","Q","2018-Q4",114.336661251,
"HUN","QGDP","VOLIDX","IDX","Q","2019-Q1",116.602982416,
"HUN","QGDP","VOLIDX","IDX","Q","2019-Q2",117.096638796,
"HUN","QGDP","VOLIDX","IDX","Q","2019-Q3",118.566842952,
"HUN","QGDP","VOLIDX","IDX","Q","2019-Q4",119.213417039,
"HUN","QGDP","VOLIDX","IDX","Q","2020-Q1",118.588830521,
"HUN","QGDP","VOLIDX","IDX","Q","2020-Q2",101.744099249,
"HUN","QGDP","VOLIDX","IDX","Q","2020-Q3",113.501202281,
"HUN","QGDP","VOLIDX","IDX","Q","2020-Q4",115.222078448,
"HUN","QGDP","VOLIDX","IDX","Q","2021-Q1",116.64949722,
"HUN","QGDP","VOLIDX","IDX","Q","2021-Q2",119.669859288,
"HUN","QGDP","VOLIDX","IDX","Q","2021-Q3",120.945973386,
"HUN","QGDP","VOLIDX","IDX","Q","2021-Q4",123.748724875,
"HUN","QGDP","VOLIDX","IDX","Q","2022-Q1",126.024804311,
"HUN","QGDP","VOLIDX","IDX","Q","2022-Q2",127.428187766,
"ISL","QGDP","VOLIDX","IDX","Q","2015-Q1",95.668423771,
"ISL","QGDP","VOLIDX","IDX","Q","2015-Q2",101.313431884,
"ISL","QGDP","VOLIDX","IDX","Q","2015-Q3",101.030588501,
"ISL","QGDP","VOLIDX","IDX","Q","2015-Q4",101.987555843,
"ISL","QGDP","VOLIDX","IDX","Q","2016-Q1",99.277823694,
"ISL","QGDP","VOLIDX","IDX","Q","2016-Q2",105.867539869,
"ISL","QGDP","VOLIDX","IDX","Q","2016-Q3",108.598246476,
"ISL","QGDP","VOLIDX","IDX","Q","2016-Q4",111.471138461,
"ISL","QGDP","VOLIDX","IDX","Q","2017-Q1",107.199787988,
"ISL","QGDP","VOLIDX","IDX","Q","2017-Q2",110.465025591,
"ISL","QGDP","VOLIDX","IDX","Q","2017-Q3",111.297464736,
"ISL","QGDP","VOLIDX","IDX","Q","2017-Q4",114.090011218,
"ISL","QGDP","VOLIDX","IDX","Q","2018-Q1",114.476413085,
"ISL","QGDP","VOLIDX","IDX","Q","2018-Q2",116.204778844,
"ISL","QGDP","VOLIDX","IDX","Q","2018-Q3",116.444625963,
"ISL","QGDP","VOLIDX","IDX","Q","2018-Q4",117.586404301,
"ISL","QGDP","VOLIDX","IDX","Q","2019-Q1",118.364851434,
"ISL","QGDP","VOLIDX","IDX","Q","2019-Q2",118.232070891,
"ISL","QGDP","VOLIDX","IDX","Q","2019-Q3",117.753166557,
"ISL","QGDP","VOLIDX","IDX","Q","2019-Q4",121.587052878,
"ISL","QGDP","VOLIDX","IDX","Q","2020-Q1",113.535385619,
"ISL","QGDP","VOLIDX","IDX","Q","2020-Q2",106.124496044,
"ISL","QGDP","VOLIDX","IDX","Q","2020-Q3",109.009812961,
"ISL","QGDP","VOLIDX","IDX","Q","2020-Q4",114.702419079,
"ISL","QGDP","VOLIDX","IDX","Q","2021-Q1",110.298572975,
"ISL","QGDP","VOLIDX","IDX","Q","2021-Q2",115.582183996,
"ISL","QGDP","VOLIDX","IDX","Q","2021-Q3",116.654846014,
"ISL","QGDP","VOLIDX","IDX","Q","2021-Q4",120.358383441,
"ISL","QGDP","VOLIDX","IDX","Q","2022-Q1",119.329699175,
"ISL","QGDP","VOLIDX","IDX","Q","2022-Q2",123.974501166,
"IRL","QGDP","VOLIDX","IDX","Q","2015-Q1",99.374915751,
"IRL","QGDP","VOLIDX","IDX","Q","2015-Q2",96.831528811,
"IRL","QGDP","VOLIDX","IDX","Q","2015-Q3",100.315362597,
"IRL","QGDP","VOLIDX","IDX","Q","2015-Q4",101.327971196,
"IRL","QGDP","VOLIDX","IDX","Q","2016-Q1",97.752391912,
"IRL","QGDP","VOLIDX","IDX","Q","2016-Q2",99.124655624,
"IRL","QGDP","VOLIDX","IDX","Q","2016-Q3",99.609141514,
"IRL","QGDP","VOLIDX","IDX","Q","2016-Q4",110.345876348,
"IRL","QGDP","VOLIDX","IDX","Q","2017-Q1",105.645721597,
"IRL","QGDP","VOLIDX","IDX","Q","2017-Q2",107.577621659,
"IRL","QGDP","VOLIDX","IDX","Q","2017-Q3",113.316685029,
"IRL","QGDP","VOLIDX","IDX","Q","2017-Q4",118.91781176,
"IRL","QGDP","VOLIDX","IDX","Q","2018-Q1",118.657615989,
"IRL","QGDP","VOLIDX","IDX","Q","2018-Q2",121.376990901,
"IRL","QGDP","VOLIDX","IDX","Q","2018-Q3",121.885659668,
"IRL","QGDP","VOLIDX","IDX","Q","2018-Q4",122.852827501,
"IRL","QGDP","VOLIDX","IDX","Q","2019-Q1",124.793964269,
"IRL","QGDP","VOLIDX","IDX","Q","2019-Q2",127.026283967,
"IRL","QGDP","VOLIDX","IDX","Q","2019-Q3",129.484520341,
"IRL","QGDP","VOLIDX","IDX","Q","2019-Q4",130.745257334,
"IRL","QGDP","VOLIDX","IDX","Q","2020-Q1",134.211823496,
"IRL","QGDP","VOLIDX","IDX","Q","2020-Q2",126.790245539,
"IRL","QGDP","VOLIDX","IDX","Q","2020-Q3",143.614914443,
"IRL","QGDP","VOLIDX","IDX","Q","2020-Q4",136.285698889,
"IRL","QGDP","VOLIDX","IDX","Q","2021-Q1",148.585715713,
"IRL","QGDP","VOLIDX","IDX","Q","2021-Q2",151.476852312,
"IRL","QGDP","VOLIDX","IDX","Q","2021-Q3",158.198529171,
"IRL","QGDP","VOLIDX","IDX","Q","2021-Q4",155.266159165,
"IRL","QGDP","VOLIDX","IDX","Q","2022-Q1",164.875196919,
"IRL","QGDP","VOLIDX","IDX","Q","2022-Q2",167.812296755,
"ITA","QGDP","VOLIDX","IDX","Q","2015-Q1",99.434477801,
"ITA","QGDP","VOLIDX","IDX","Q","2015-Q2",99.815809902,
"ITA","QGDP","VOLIDX","IDX","Q","2015-Q3",99.990588122,
"ITA","QGDP","VOLIDX","IDX","Q","2015-Q4",100.506924497,
"ITA","QGDP","VOLIDX","IDX","Q","2016-Q1",100.886830921,
"ITA","QGDP","VOLIDX","IDX","Q","2016-Q2",101.048367269,
"ITA","QGDP","VOLIDX","IDX","Q","2016-Q3",101.58401068,
"ITA","QGDP","VOLIDX","IDX","Q","2016-Q4",101.895653802,
"ITA","QGDP","VOLIDX","IDX","Q","2017-Q1",102.42366139,
"ITA","QGDP","VOLIDX","IDX","Q","2017-Q2",102.864557753,
"ITA","QGDP","VOLIDX","IDX","Q","2017-Q3",103.315216374,
"ITA","QGDP","VOLIDX","IDX","Q","2017-Q4",103.870553446,
"ITA","QGDP","VOLIDX","IDX","Q","2018-Q1",103.757562577,
"ITA","QGDP","VOLIDX","IDX","Q","2018-Q2",103.798375575,
"ITA","QGDP","VOLIDX","IDX","Q","2018-Q3",103.936037889,
"ITA","QGDP","VOLIDX","IDX","Q","2018-Q4",104.247898487,
"ITA","QGDP","VOLIDX","IDX","Q","2019-Q1",104.447299824,
"ITA","QGDP","VOLIDX","IDX","Q","2019-Q2",104.677389442,
"ITA","QGDP","VOLIDX","IDX","Q","2019-Q3",104.718637392,
"ITA","QGDP","VOLIDX","IDX","Q","2019-Q4",103.895466531,
"ITA","QGDP","VOLIDX","IDX","Q","2020-Q1",97.786154631,
"ITA","QGDP","VOLIDX","IDX","Q","2020-Q2",85.952729173,
"ITA","QGDP","VOLIDX","IDX","Q","2020-Q3",98.395498247,
"ITA","QGDP","VOLIDX","IDX","Q","2020-Q4",97.58395027,
"ITA","QGDP","VOLIDX","IDX","Q","2021-Q1",97.84182849,
"ITA","QGDP","VOLIDX","IDX","Q","2021-Q2",100.27847803,
"ITA","QGDP","VOLIDX","IDX","Q","2021-Q3",103.116129169,
"ITA","QGDP","VOLIDX","IDX","Q","2021-Q4",103.988932888,
"ITA","QGDP","VOLIDX","IDX","Q","2022-Q1",104.135415062,
"ITA","QGDP","VOLIDX","IDX","Q","2022-Q2",105.271364753,
"ITA","QGDP","VOLIDX","IDX","Q","2022-Q3",105.797729188,
"JPN","QGDP","VOLIDX","IDX","Q","2015-Q1",99.901947903,
"JPN","QGDP","VOLIDX","IDX","Q","2015-Q2",100.037875317,
"JPN","QGDP","VOLIDX","IDX","Q","2015-Q3",100.118123414,
"JPN","QGDP","VOLIDX","IDX","Q","2015-Q4",99.953241267,
"JPN","QGDP","VOLIDX","IDX","Q","2016-Q1",100.71130515,
"JPN","QGDP","VOLIDX","IDX","Q","2016-Q2",100.564765956,
"JPN","QGDP","VOLIDX","IDX","Q","2016-Q3",100.735056208,
"JPN","QGDP","VOLIDX","IDX","Q","2016-Q4",100.870649101,
"JPN","QGDP","VOLIDX","IDX","Q","2017-Q1",101.726913758,
"JPN","QGDP","VOLIDX","IDX","Q","2017-Q2",102.12709492,
"JPN","QGDP","VOLIDX","IDX","Q","2017-Q3",102.910712563,
"JPN","QGDP","VOLIDX","IDX","Q","2017-Q4",102.974606254,
"JPN","QGDP","VOLIDX","IDX","Q","2018-Q1",103.195093381,
"JPN","QGDP","VOLIDX","IDX","Q","2018-Q2",103.580295394,
"JPN","QGDP","VOLIDX","IDX","Q","2018-Q3",102.902368099,
"JPN","QGDP","VOLIDX","IDX","Q","2018-Q4",102.632836339,
"JPN","QGDP","VOLIDX","IDX","Q","2019-Q1",103.19096761,
"JPN","QGDP","VOLIDX","IDX","Q","2019-Q2",103.569980968,
"JPN","QGDP","VOLIDX","IDX","Q","2019-Q3",103.566747255,
"JPN","QGDP","VOLIDX","IDX","Q","2019-Q4",100.517635532,
"JPN","QGDP","VOLIDX","IDX","Q","2020-Q1",101.083089117,
"JPN","QGDP","VOLIDX","IDX","Q","2020-Q2",92.936922357,
"JPN","QGDP","VOLIDX","IDX","Q","2020-Q3",98.063248063,
"JPN","QGDP","VOLIDX","IDX","Q","2020-Q4",99.65886196,
"JPN","QGDP","VOLIDX","IDX","Q","2021-Q1",99.328930405,
"JPN","QGDP","VOLIDX","IDX","Q","2021-Q2",99.692778768,
"JPN","QGDP","VOLIDX","IDX","Q","2021-Q3",99.244203432,
"JPN","QGDP","VOLIDX","IDX","Q","2021-Q4",100.188373021,
"JPN","QGDP","VOLIDX","IDX","Q","2022-Q1",100.240595613,
"JPN","QGDP","VOLIDX","IDX","Q","2022-Q2",101.104015323,
"KOR","QGDP","VOLIDX","IDX","Q","2015-Q1",98.749038311,
"KOR","QGDP","VOLIDX","IDX","Q","2015-Q2",99.226258012,
"KOR","QGDP","VOLIDX","IDX","Q","2015-Q3",100.658061867,
"KOR","QGDP","VOLIDX","IDX","Q","2015-Q4",101.36664181,
"KOR","QGDP","VOLIDX","IDX","Q","2016-Q1",101.656505553,
"KOR","QGDP","VOLIDX","IDX","Q","2016-Q2",102.882956084,
"KOR","QGDP","VOLIDX","IDX","Q","2016-Q3",103.310888093,
"KOR","QGDP","VOLIDX","IDX","Q","2016-Q4",103.937153005,
"KOR","QGDP","VOLIDX","IDX","Q","2017-Q1",104.960710978,
"KOR","QGDP","VOLIDX","IDX","Q","2017-Q2",105.710810313,
"KOR","QGDP","VOLIDX","IDX","Q","2017-Q3",107.234989389,
"KOR","QGDP","VOLIDX","IDX","Q","2017-Q4",106.891977927,
"KOR","QGDP","VOLIDX","IDX","Q","2018-Q1",108.180936736,
"KOR","QGDP","VOLIDX","IDX","Q","2018-Q2",108.869613426,
"KOR","QGDP","VOLIDX","IDX","Q","2018-Q3",109.66528518,
"KOR","QGDP","VOLIDX","IDX","Q","2018-Q4",110.433285381,
"KOR","QGDP","VOLIDX","IDX","Q","2019-Q1",110.213987717,
"KOR","QGDP","VOLIDX","IDX","Q","2019-Q2",111.382151872,
"KOR","QGDP","VOLIDX","IDX","Q","2019-Q3",111.969623534,
"KOR","QGDP","VOLIDX","IDX","Q","2019-Q4",113.392887084,
"KOR","QGDP","VOLIDX","IDX","Q","2020-Q1",111.876307433,
"KOR","QGDP","VOLIDX","IDX","Q","2020-Q2",108.489883478,
"KOR","QGDP","VOLIDX","IDX","Q","2020-Q3",111.036993272,
"KOR","QGDP","VOLIDX","IDX","Q","2020-Q4",112.384696835,
"KOR","QGDP","VOLIDX","IDX","Q","2021-Q1",114.322284575,"P"
"KOR","QGDP","VOLIDX","IDX","Q","2021-Q2",115.274986966,"P"
"KOR","QGDP","VOLIDX","IDX","Q","2021-Q3",115.520798176,"P"
"KOR","QGDP","VOLIDX","IDX","Q","2021-Q4",117.066207388,"P"
"KOR","QGDP","VOLIDX","IDX","Q","2022-Q1",117.808369547,"P"
"KOR","QGDP","VOLIDX","IDX","Q","2022-Q2",118.679287661,"P"
"KOR","QGDP","VOLIDX","IDX","Q","2022-Q3",119.014410197,"P"
"LUX","QGDP","VOLIDX","IDX","Q","2015-Q1",99.594383063,
"LUX","QGDP","VOLIDX","IDX","Q","2015-Q2",100.187972608,
"LUX","QGDP","VOLIDX","IDX","Q","2015-Q3",99.676736169,
"LUX","QGDP","VOLIDX","IDX","Q","2015-Q4",100.299478433,
"LUX","QGDP","VOLIDX","IDX","Q","2016-Q1",103.369445901,
"LUX","QGDP","VOLIDX","IDX","Q","2016-Q2",104.796872651,
"LUX","QGDP","VOLIDX","IDX","Q","2016-Q3",105.514468376,
"LUX","QGDP","VOLIDX","IDX","Q","2016-Q4",106.016617678,
"LUX","QGDP","VOLIDX","IDX","Q","2017-Q1",104.674115029,
"LUX","QGDP","VOLIDX","IDX","Q","2017-Q2",106.045245854,
"LUX","QGDP","VOLIDX","IDX","Q","2017-Q3",107.206648504,
"LUX","QGDP","VOLIDX","IDX","Q","2017-Q4",107.328645171,
"LUX","QGDP","VOLIDX","IDX","Q","2018-Q1",107.567710763,
"LUX","QGDP","VOLIDX","IDX","Q","2018-Q2",106.887143276,
"LUX","QGDP","VOLIDX","IDX","Q","2018-Q3",107.875557859,
"LUX","QGDP","VOLIDX","IDX","Q","2018-Q4",108.251048719,
"LUX","QGDP","VOLIDX","IDX","Q","2019-Q1",108.601043879,
"LUX","QGDP","VOLIDX","IDX","Q","2019-Q2",110.467083849,
"LUX","QGDP","VOLIDX","IDX","Q","2019-Q3",110.479067049,
"LUX","QGDP","VOLIDX","IDX","Q","2019-Q4",111.050411578,
"LUX","QGDP","VOLIDX","IDX","Q","2020-Q1",109.691507754,
"LUX","QGDP","VOLIDX","IDX","Q","2020-Q2",103.519819555,
"LUX","QGDP","VOLIDX","IDX","Q","2020-Q3",112.131684885,
"LUX","QGDP","VOLIDX","IDX","Q","2020-Q4",111.808138466,
"LUX","QGDP","VOLIDX","IDX","Q","2021-Q1",114.012862695,
"LUX","QGDP","VOLIDX","IDX","Q","2021-Q2",114.6908518,
"LUX","QGDP","VOLIDX","IDX","Q","2021-Q3",114.38280523,
"LUX","QGDP","VOLIDX","IDX","Q","2021-Q4",116.349897122,
"LUX","QGDP","VOLIDX","IDX","Q","2022-Q1",117.146876011,"P"
"LUX","QGDP","VOLIDX","IDX","Q","2022-Q2",116.524067256,"P"
"MEX","QGDP","VOLIDX","IDX","Q","2015-Q1",98.637848563,
"MEX","QGDP","VOLIDX","IDX","Q","2015-Q2",99.781770683,
"MEX","QGDP","VOLIDX","IDX","Q","2015-Q3",101.10561118,
"MEX","QGDP","VOLIDX","IDX","Q","2015-Q4",100.76088006,
"MEX","QGDP","VOLIDX","IDX","Q","2016-Q1",101.342981524,
"MEX","QGDP","VOLIDX","IDX","Q","2016-Q2",101.767271025,
"MEX","QGDP","VOLIDX","IDX","Q","2016-Q3",102.85328057,
"MEX","QGDP","VOLIDX","IDX","Q","2016-Q4",103.914966769,
"MEX","QGDP","VOLIDX","IDX","Q","2017-Q1",104.41386651,
"MEX","QGDP","VOLIDX","IDX","Q","2017-Q2",104.730154142,
"MEX","QGDP","VOLIDX","IDX","Q","2017-Q3",104.484346371,
"MEX","QGDP","VOLIDX","IDX","Q","2017-Q4",105.819736363,
"MEX","QGDP","VOLIDX","IDX","Q","2018-Q1",107.01335454,"P"
"MEX","QGDP","VOLIDX","IDX","Q","2018-Q2",106.970366476,"P"
"MEX","QGDP","VOLIDX","IDX","Q","2018-Q3",107.467868489,"P"
"MEX","QGDP","VOLIDX","IDX","Q","2018-Q4",107.165458838,"P"
"MEX","QGDP","VOLIDX","IDX","Q","2019-Q1",107.219166493,"P"
"MEX","QGDP","VOLIDX","IDX","Q","2019-Q2",106.727924296,"P"
"MEX","QGDP","VOLIDX","IDX","Q","2019-Q3",107.343363492,"P"
"MEX","QGDP","VOLIDX","IDX","Q","2019-Q4",106.524492238,"P"
"MEX","QGDP","VOLIDX","IDX","Q","2020-Q1",105.534190635,"P"
"MEX","QGDP","VOLIDX","IDX","Q","2020-Q2",86.581090528,"P"
"MEX","QGDP","VOLIDX","IDX","Q","2020-Q3",98.402504316,"P"
"MEX","QGDP","VOLIDX","IDX","Q","2020-Q4",102.008897642,"P"
"MEX","QGDP","VOLIDX","IDX","Q","2021-Q1",102.504458451,"P"
"MEX","QGDP","VOLIDX","IDX","Q","2021-Q2",103.475004334,"P"
"MEX","QGDP","VOLIDX","IDX","Q","2021-Q3",102.92767025,"P"
"MEX","QGDP","VOLIDX","IDX","Q","2021-Q4",103.24733047,"P"
"MEX","QGDP","VOLIDX","IDX","Q","2022-Q1",104.426322937,"P"
"MEX","QGDP","VOLIDX","IDX","Q","2022-Q2",105.391614418,"P"
"MEX","QGDP","VOLIDX","IDX","Q","2022-Q3",107.250629697,
"NLD","QGDP","VOLIDX","IDX","Q","2015-Q1",99.609362732,
"NLD","QGDP","VOLIDX","IDX","Q","2015-Q2",99.916240333,
"NLD","QGDP","VOLIDX","IDX","Q","2015-Q3",100.260247939,
"NLD","QGDP","VOLIDX","IDX","Q","2015-Q4",100.276699922,
"NLD","QGDP","VOLIDX","IDX","Q","2016-Q1",101.198115326,
"NLD","QGDP","VOLIDX","IDX","Q","2016-Q2",101.436414013,
"NLD","QGDP","VOLIDX","IDX","Q","2016-Q3",102.568818275,
"NLD","QGDP","VOLIDX","IDX","Q","2016-Q4",103.427834402,
"NLD","QGDP","VOLIDX","IDX","Q","2017-Q1",103.970222316,
"NLD","QGDP","VOLIDX","IDX","Q","2017-Q2",104.884687076,
"NLD","QGDP","VOLIDX","IDX","Q","2017-Q3",105.635582718,
"NLD","QGDP","VOLIDX","IDX","Q","2017-Q4",106.435527066,
"NLD","QGDP","VOLIDX","IDX","Q","2018-Q1",106.910808512,
"NLD","QGDP","VOLIDX","IDX","Q","2018-Q2",107.597374465,
"NLD","QGDP","VOLIDX","IDX","Q","2018-Q3",107.861290246,
"NLD","QGDP","VOLIDX","IDX","Q","2018-Q4",108.306554649,
"NLD","QGDP","VOLIDX","IDX","Q","2019-Q1",109.06265023,
"NLD","QGDP","VOLIDX","IDX","Q","2019-Q2",109.517102932,
"NLD","QGDP","VOLIDX","IDX","Q","2019-Q3",109.946570417,
"NLD","QGDP","VOLIDX","IDX","Q","2019-Q4",110.379313225,
"NLD","QGDP","VOLIDX","IDX","Q","2020-Q1",108.763366744,"P"
"NLD","QGDP","VOLIDX","IDX","Q","2020-Q2",100.202950053,"P"
"NLD","QGDP","VOLIDX","IDX","Q","2020-Q3",106.434634323,"P"
"NLD","QGDP","VOLIDX","IDX","Q","2020-Q4",106.454025403,"P"
"NLD","QGDP","VOLIDX","IDX","Q","2021-Q1",106.524755017,"P"
"NLD","QGDP","VOLIDX","IDX","Q","2021-Q2",110.578632654,"P"
"NLD","QGDP","VOLIDX","IDX","Q","2021-Q3",112.254468296,"P"
"NLD","QGDP","VOLIDX","IDX","Q","2021-Q4",113.028812941,"P"
"NLD","QGDP","VOLIDX","IDX","Q","2022-Q1",113.52563037,"P"
"NLD","QGDP","VOLIDX","IDX","Q","2022-Q2",116.42854164,"P"
"NZL","QGDP","VOLIDX","IDX","Q","2015-Q1",98.242873877,
"NZL","QGDP","VOLIDX","IDX","Q","2015-Q2",99.164033936,
"NZL","QGDP","VOLIDX","IDX","Q","2015-Q3",100.740122821,
"NZL","QGDP","VOLIDX","IDX","Q","2015-Q4",101.79617337,
"NZL","QGDP","VOLIDX","IDX","Q","2016-Q1",102.82382592,
"NZL","QGDP","VOLIDX","IDX","Q","2016-Q2",103.929572965,
"NZL","QGDP","VOLIDX","IDX","Q","2016-Q3",104.577402293,
"NZL","QGDP","VOLIDX","IDX","Q","2016-Q4",104.873806397,
"NZL","QGDP","VOLIDX","IDX","Q","2017-Q1",106.119768556,
"NZL","QGDP","VOLIDX","IDX","Q","2017-Q2",107.603563949,
"NZL","QGDP","VOLIDX","IDX","Q","2017-Q3",108.826452735,
"NZL","QGDP","VOLIDX","IDX","Q","2017-Q4",110.154059139,
"NZL","QGDP","VOLIDX","IDX","Q","2018-Q1",111.116041319,
"NZL","QGDP","VOLIDX","IDX","Q","2018-Q2",112.637109084,
"NZL","QGDP","VOLIDX","IDX","Q","2018-Q3",112.880266941,
"NZL","QGDP","VOLIDX","IDX","Q","2018-Q4",114.477654325,
"NZL","QGDP","VOLIDX","IDX","Q","2019-Q1",115.272798268,
"NZL","QGDP","VOLIDX","IDX","Q","2019-Q2",116.066167335,
"NZL","QGDP","VOLIDX","IDX","Q","2019-Q3",117.407972738,
"NZL","QGDP","VOLIDX","IDX","Q","2019-Q4",117.589009975,
"NZL","QGDP","VOLIDX","IDX","Q","2020-Q1",116.40694331,
"NZL","QGDP","VOLIDX","IDX","Q","2020-Q2",105.338823613,
"NZL","QGDP","VOLIDX","IDX","Q","2020-Q3",120.405736396,
"NZL","QGDP","VOLIDX","IDX","Q","2020-Q4",119.195271733,
"NZL","QGDP","VOLIDX","IDX","Q","2021-Q1",121.097937595,
"NZL","QGDP","VOLIDX","IDX","Q","2021-Q2",123.540165418,
"NZL","QGDP","VOLIDX","IDX","Q","2021-Q3",117.780696461,
"NZL","QGDP","VOLIDX","IDX","Q","2021-Q4",121.048241099,
"NZL","QGDP","VOLIDX","IDX","Q","2022-Q1",120.977246104,
"NZL","QGDP","VOLIDX","IDX","Q","2022-Q2",123.517092045,
"NOR","QGDP","VOLIDX","IDX","Q","2015-Q1",99.489844641,
"NOR","QGDP","VOLIDX","IDX","Q","2015-Q2",100.017177645,
"NOR","QGDP","VOLIDX","IDX","Q","2015-Q3",101.189160167,
"NOR","QGDP","VOLIDX","IDX","Q","2015-Q4",100.300653135,
"NOR","QGDP","VOLIDX","IDX","Q","2016-Q1",100.434762941,
"NOR","QGDP","VOLIDX","IDX","Q","2016-Q2",100.402950297,
"NOR","QGDP","VOLIDX","IDX","Q","2016-Q3",100.094639658,
"NOR","QGDP","VOLIDX","IDX","Q","2016-Q4",101.43526467,
"NOR","QGDP","VOLIDX","IDX","Q","2017-Q1",102.444163045,
"NOR","QGDP","VOLIDX","IDX","Q","2017-Q2",103.431182836,
"NOR","QGDP","VOLIDX","IDX","Q","2017-Q3",104.139930692,
"NOR","QGDP","VOLIDX","IDX","Q","2017-Q4",103.546607149,
"NOR","QGDP","VOLIDX","IDX","Q","2018-Q1",104.353158188,
"NOR","QGDP","VOLIDX","IDX","Q","2018-Q2",104.667027171,
"NOR","QGDP","VOLIDX","IDX","Q","2018-Q3",105.326459516,
"NOR","QGDP","VOLIDX","IDX","Q","2018-Q4",105.361938301,
"NOR","QGDP","VOLIDX","IDX","Q","2019-Q1",105.127896584,
"NOR","QGDP","VOLIDX","IDX","Q","2019-Q2",105.147055128,
"NOR","QGDP","VOLIDX","IDX","Q","2019-Q3",105.458085807,
"NOR","QGDP","VOLIDX","IDX","Q","2019-Q4",107.047653625,
"NOR","QGDP","VOLIDX","IDX","Q","2020-Q1",105.654520012,
"NOR","QGDP","VOLIDX","IDX","Q","2020-Q2",100.607189835,
"NOR","QGDP","VOLIDX","IDX","Q","2020-Q3",105.150011693,
"NOR","QGDP","VOLIDX","IDX","Q","2020-Q4",105.903699343,
"NOR","QGDP","VOLIDX","IDX","Q","2021-Q1",105.865382256,
"NOR","QGDP","VOLIDX","IDX","Q","2021-Q2",106.497259412,
"NOR","QGDP","VOLIDX","IDX","Q","2021-Q3",110.785934909,
"NOR","QGDP","VOLIDX","IDX","Q","2021-Q4",110.920162978,
"NOR","QGDP","VOLIDX","IDX","Q","2022-Q1",109.975599466,
"NOR","QGDP","VOLIDX","IDX","Q","2022-Q2",110.756724043,
"POL","QGDP","VOLIDX","IDX","Q","2015-Q1",98.367608455,
"POL","QGDP","VOLIDX","IDX","Q","2015-Q2",99.14277402,
"POL","QGDP","VOLIDX","IDX","Q","2015-Q3",100.393889997,
"POL","QGDP","VOLIDX","IDX","Q","2015-Q4",101.64551677,
"POL","QGDP","VOLIDX","IDX","Q","2016-Q1",101.340460782,
"POL","QGDP","VOLIDX","IDX","Q","2016-Q2",102.674059137,
"POL","QGDP","VOLIDX","IDX","Q","2016-Q3",102.923815954,
"POL","QGDP","VOLIDX","IDX","Q","2016-Q4",105.29435149,
"POL","QGDP","VOLIDX","IDX","Q","2017-Q1",106.277144342,
"POL","QGDP","VOLIDX","IDX","Q","2017-Q2",107.225069846,
"POL","QGDP","VOLIDX","IDX","Q","2017-Q3",108.403652854,
"POL","QGDP","VOLIDX","IDX","Q","2017-Q4",110.345009083,
"POL","QGDP","VOLIDX","IDX","Q","2018-Q1",111.713363744,
"POL","QGDP","VOLIDX","IDX","Q","2018-Q2",113.22252031,
"POL","QGDP","VOLIDX","IDX","Q","2018-Q3",114.718196314,
"POL","QGDP","VOLIDX","IDX","Q","2018-Q4",115.803059443,
"POL","QGDP","VOLIDX","IDX","Q","2019-Q1",117.886594504,
"POL","QGDP","VOLIDX","IDX","Q","2019-Q2",118.831099898,
"POL","QGDP","VOLIDX","IDX","Q","2019-Q3",119.900239408,
"POL","QGDP","VOLIDX","IDX","Q","2019-Q4",120.489453182,
"POL","QGDP","VOLIDX","IDX","Q","2020-Q1",120.959340674,
"POL","QGDP","VOLIDX","IDX","Q","2020-Q2",109.958425684,
"POL","QGDP","VOLIDX","IDX","Q","2020-Q3",118.025553103,
"POL","QGDP","VOLIDX","IDX","Q","2020-Q4",117.997192845,
"POL","QGDP","VOLIDX","IDX","Q","2021-Q1",119.595272254,
"POL","QGDP","VOLIDX","IDX","Q","2021-Q2",122.006071805,
"POL","QGDP","VOLIDX","IDX","Q","2021-Q3",125.180954877,
"POL","QGDP","VOLIDX","IDX","Q","2021-Q4",127.413087026,
"POL","QGDP","VOLIDX","IDX","Q","2022-Q1",130.554768388,
"POL","QGDP","VOLIDX","IDX","Q","2022-Q2",127.789809851,
"PRT","QGDP","VOLIDX","IDX","Q","2015-Q1",99.601007618,
"PRT","QGDP","VOLIDX","IDX","Q","2015-Q2",99.897459071,
"PRT","QGDP","VOLIDX","IDX","Q","2015-Q3",100.011110064,
"PRT","QGDP","VOLIDX","IDX","Q","2015-Q4",100.490423247,
"PRT","QGDP","VOLIDX","IDX","Q","2016-Q1",100.959500007,
"PRT","QGDP","VOLIDX","IDX","Q","2016-Q2",101.2619362,
"PRT","QGDP","VOLIDX","IDX","Q","2016-Q3",102.450844887,
"PRT","QGDP","VOLIDX","IDX","Q","2016-Q4",103.405661588,
"PRT","QGDP","VOLIDX","IDX","Q","2017-Q1",104.616351667,
"PRT","QGDP","VOLIDX","IDX","Q","2017-Q2",105.144923534,
"PRT","QGDP","VOLIDX","IDX","Q","2017-Q3",105.875670227,
"PRT","QGDP","VOLIDX","IDX","Q","2017-Q4",106.749617435,
"PRT","QGDP","VOLIDX","IDX","Q","2018-Q1",107.526080108,
"PRT","QGDP","VOLIDX","IDX","Q","2018-Q2",108.364285174,
"PRT","QGDP","VOLIDX","IDX","Q","2018-Q3",108.933982166,
"PRT","QGDP","VOLIDX","IDX","Q","2018-Q4",109.597384662,
"PRT","QGDP","VOLIDX","IDX","Q","2019-Q1",110.565116149,
"PRT","QGDP","VOLIDX","IDX","Q","2019-Q2",111.196450499,
"PRT","QGDP","VOLIDX","IDX","Q","2019-Q3",111.698925833,
"PRT","QGDP","VOLIDX","IDX","Q","2019-Q4",112.615733412,
"PRT","QGDP","VOLIDX","IDX","Q","2020-Q1",107.710768989,"P"
"PRT","QGDP","VOLIDX","IDX","Q","2020-Q2",91.425442545,"P"
"PRT","QGDP","VOLIDX","IDX","Q","2020-Q3",104.762587221,"P"
"PRT","QGDP","VOLIDX","IDX","Q","2020-Q4",105.150798864,"P"
"PRT","QGDP","VOLIDX","IDX","Q","2021-Q1",102.448017726,"P"
"PRT","QGDP","VOLIDX","IDX","Q","2021-Q2",106.981079198,"P"
"PRT","QGDP","VOLIDX","IDX","Q","2021-Q3",109.957210909,"P"
"PRT","QGDP","VOLIDX","IDX","Q","2021-Q4",112.088990885,"P"
"PRT","QGDP","VOLIDX","IDX","Q","2022-Q1",114.75987237,"P"
"PRT","QGDP","VOLIDX","IDX","Q","2022-Q2",114.905886915,"P"
"PRT","QGDP","VOLIDX","IDX","Q","2022-Q3",115.364357445,
"SVK","QGDP","VOLIDX","IDX","Q","2015-Q1",98.33575176,
"SVK","QGDP","VOLIDX","IDX","Q","2015-Q2",99.549563737,
"SVK","QGDP","VOLIDX","IDX","Q","2015-Q3",100.693002905,
"SVK","QGDP","VOLIDX","IDX","Q","2015-Q4",101.421681603,
"SVK","QGDP","VOLIDX","IDX","Q","2016-Q1",101.4163935,
"SVK","QGDP","VOLIDX","IDX","Q","2016-Q2",101.668406204,
"SVK","QGDP","VOLIDX","IDX","Q","2016-Q3",102.039528,
"SVK","QGDP","VOLIDX","IDX","Q","2016-Q4",102.65147574,
"SVK","QGDP","VOLIDX","IDX","Q","2017-Q1",103.461160361,
"SVK","QGDP","VOLIDX","IDX","Q","2017-Q2",104.433967646,
"SVK","QGDP","VOLIDX","IDX","Q","2017-Q3",105.305179554,
"SVK","QGDP","VOLIDX","IDX","Q","2017-Q4",106.556229046,
"SVK","QGDP","VOLIDX","IDX","Q","2018-Q1",107.525422429,
"SVK","QGDP","VOLIDX","IDX","Q","2018-Q2",108.798884028,
"SVK","QGDP","VOLIDX","IDX","Q","2018-Q3",109.888821348,
"SVK","QGDP","VOLIDX","IDX","Q","2018-Q4",110.461233076,
"SVK","QGDP","VOLIDX","IDX","Q","2019-Q1",111.396512819,
"SVK","QGDP","VOLIDX","IDX","Q","2019-Q2",111.728461162,
"SVK","QGDP","VOLIDX","IDX","Q","2019-Q3",111.995692397,
"SVK","QGDP","VOLIDX","IDX","Q","2019-Q4",112.556548402,
"SVK","QGDP","VOLIDX","IDX","Q","2020-Q1",109.43432665,
"SVK","QGDP","VOLIDX","IDX","Q","2020-Q2",101.330092122,
"SVK","QGDP","VOLIDX","IDX","Q","2020-Q3",110.659864792,
"SVK","QGDP","VOLIDX","IDX","Q","2020-Q4",111.145249879,
"SVK","QGDP","VOLIDX","IDX","Q","2021-Q1",109.538422137,
"SVK","QGDP","VOLIDX","IDX","Q","2021-Q2",111.628089922,
"SVK","QGDP","VOLIDX","IDX","Q","2021-Q3",112.06271247,
"SVK","QGDP","VOLIDX","IDX","Q","2021-Q4",112.379264735,
"SVK","QGDP","VOLIDX","IDX","Q","2022-Q1",112.723482421,
"SVK","QGDP","VOLIDX","IDX","Q","2022-Q2",113.112581611,
"ESP","QGDP","VOLIDX","IDX","Q","2015-Q1",98.50745438,
"ESP","QGDP","VOLIDX","IDX","Q","2015-Q2",99.570444424,
"ESP","QGDP","VOLIDX","IDX","Q","2015-Q3",100.472409101,
"ESP","QGDP","VOLIDX","IDX","Q","2015-Q4",101.450063121,
"ESP","QGDP","VOLIDX","IDX","Q","2016-Q1",102.140171841,
"ESP","QGDP","VOLIDX","IDX","Q","2016-Q2",102.563883754,
"ESP","QGDP","VOLIDX","IDX","Q","2016-Q3",103.44247378,
"ESP","QGDP","VOLIDX","IDX","Q","2016-Q4",104.004949489,
"ESP","QGDP","VOLIDX","IDX","Q","2017-Q1",104.821578141,
"ESP","QGDP","VOLIDX","IDX","Q","2017-Q2",105.895327945,
"ESP","QGDP","VOLIDX","IDX","Q","2017-Q3",106.562062015,
"ESP","QGDP","VOLIDX","IDX","Q","2017-Q4",107.136781589,
"ESP","QGDP","VOLIDX","IDX","Q","2018-Q1",107.594256886,
"ESP","QGDP","VOLIDX","IDX","Q","2018-Q2",108.224630388,
"ESP","QGDP","VOLIDX","IDX","Q","2018-Q3",108.78784815,
"ESP","QGDP","VOLIDX","IDX","Q","2018-Q4",109.505041782,
"ESP","QGDP","VOLIDX","IDX","Q","2019-Q1",110.171775852,
"ESP","QGDP","VOLIDX","IDX","Q","2019-Q2",110.553190779,
"ESP","QGDP","VOLIDX","IDX","Q","2019-Q3",110.879322803,
"ESP","QGDP","VOLIDX","IDX","Q","2019-Q4",111.120118803,
"ESP","QGDP","VOLIDX","IDX","Q","2020-Q1",105.022674338,"P"
"ESP","QGDP","VOLIDX","IDX","Q","2020-Q2",86.301063639,"P"
"ESP","QGDP","VOLIDX","IDX","Q","2020-Q3",100.659777329,"P"
"ESP","QGDP","VOLIDX","IDX","Q","2020-Q4",100.600413138,"P"
"ESP","QGDP","VOLIDX","IDX","Q","2021-Q1",100.370376898,"P"
"ESP","QGDP","VOLIDX","IDX","Q","2021-Q2",101.727590714,"P"
"ESP","QGDP","VOLIDX","IDX","Q","2021-Q3",104.889475935,"P"
"ESP","QGDP","VOLIDX","IDX","Q","2021-Q4",107.265527678,"P"
"ESP","QGDP","VOLIDX","IDX","Q","2022-Q1",107.062947376,"P"
"ESP","QGDP","VOLIDX","IDX","Q","2022-Q2",108.624967651,"P"
"ESP","QGDP","VOLIDX","IDX","Q","2022-Q3",108.878007515,"P"
"SWE","QGDP","VOLIDX","IDX","Q","2015-Q1",98.387150403,
"SWE","QGDP","VOLIDX","IDX","Q","2015-Q2",99.377822877,
"SWE","QGDP","VOLIDX","IDX","Q","2015-Q3",100.735718188,
"SWE","QGDP","VOLIDX","IDX","Q","2015-Q4",101.472462597,
"SWE","QGDP","VOLIDX","IDX","Q","2016-Q1",101.434040892,
"SWE","QGDP","VOLIDX","IDX","Q","2016-Q2",101.481082852,
"SWE","QGDP","VOLIDX","IDX","Q","2016-Q3",101.789770057,
"SWE","QGDP","VOLIDX","IDX","Q","2016-Q4",102.650892422,
"SWE","QGDP","VOLIDX","IDX","Q","2017-Q1",103.178616186,
"SWE","QGDP","VOLIDX","IDX","Q","2017-Q2",104.512456883,
"SWE","QGDP","VOLIDX","IDX","Q","2017-Q3",105.479238938,
"SWE","QGDP","VOLIDX","IDX","Q","2017-Q4",105.62832829,
"SWE","QGDP","VOLIDX","IDX","Q","2018-Q1",106.09620286,
"SWE","QGDP","VOLIDX","IDX","Q","2018-Q2",107.18145184,
"SWE","QGDP","VOLIDX","IDX","Q","2018-Q3",106.363102356,
"SWE","QGDP","VOLIDX","IDX","Q","2018-Q4",107.637750639,
"SWE","QGDP","VOLIDX","IDX","Q","2019-Q1",108.322855619,
"SWE","QGDP","VOLIDX","IDX","Q","2019-Q2",108.971591336,
"SWE","QGDP","VOLIDX","IDX","Q","2019-Q3",109.149414869,
"SWE","QGDP","VOLIDX","IDX","Q","2019-Q4",109.434211655,
"SWE","QGDP","VOLIDX","IDX","Q","2020-Q1",109.402357763,
"SWE","QGDP","VOLIDX","IDX","Q","2020-Q2",100.585807859,
"SWE","QGDP","VOLIDX","IDX","Q","2020-Q3",107.954072927,
"SWE","QGDP","VOLIDX","IDX","Q","2020-Q4",107.738073981,
"SWE","QGDP","VOLIDX","IDX","Q","2021-Q1",109.542826861,
"SWE","QGDP","VOLIDX","IDX","Q","2021-Q2",110.534156116,
"SWE","QGDP","VOLIDX","IDX","Q","2021-Q3",112.335296699,
"SWE","QGDP","VOLIDX","IDX","Q","2021-Q4",113.830213006,
"SWE","QGDP","VOLIDX","IDX","Q","2022-Q1",114.03611394,
"SWE","QGDP","VOLIDX","IDX","Q","2022-Q2",115.061267432,
"SWE","QGDP","VOLIDX","IDX","Q","2022-Q3",115.866727583,
"CHE","QGDP","VOLIDX","IDX","Q","2015-Q1",99.196434919,
"CHE","QGDP","VOLIDX","IDX","Q","2015-Q2",99.651885507,
"CHE","QGDP","VOLIDX","IDX","Q","2015-Q3",100.273280332,
"CHE","QGDP","VOLIDX","IDX","Q","2015-Q4",100.747447151,
"CHE","QGDP","VOLIDX","IDX","Q","2016-Q1",101.140945723,
"CHE","QGDP","VOLIDX","IDX","Q","2016-Q2",101.816695366,
"CHE","QGDP","VOLIDX","IDX","Q","2016-Q3",102.543279901,
"CHE","QGDP","VOLIDX","IDX","Q","2016-Q4",102.697717935,
"CHE","QGDP","VOLIDX","IDX","Q","2017-Q1",102.829739326,
"CHE","QGDP","VOLIDX","IDX","Q","2017-Q2",103.004592669,
"CHE","QGDP","VOLIDX","IDX","Q","2017-Q3",103.560858294,
"CHE","QGDP","VOLIDX","IDX","Q","2017-Q4",104.635116713,
"CHE","QGDP","VOLIDX","IDX","Q","2018-Q1",105.809701188,
"CHE","QGDP","VOLIDX","IDX","Q","2018-Q2",106.838278467,
"CHE","QGDP","VOLIDX","IDX","Q","2018-Q3",106.492086142,
"CHE","QGDP","VOLIDX","IDX","Q","2018-Q4",106.743766065,
"CHE","QGDP","VOLIDX","IDX","Q","2019-Q1",106.903542792,
"CHE","QGDP","VOLIDX","IDX","Q","2019-Q2",107.378591022,
"CHE","QGDP","VOLIDX","IDX","Q","2019-Q3",107.976834151,
"CHE","QGDP","VOLIDX","IDX","Q","2019-Q4",108.581511083,
"CHE","QGDP","VOLIDX","IDX","Q","2020-Q1",106.94669881,
"CHE","QGDP","VOLIDX","IDX","Q","2020-Q2",99.409940902,
"CHE","QGDP","VOLIDX","IDX","Q","2020-Q3",106.682697652,
"CHE","QGDP","VOLIDX","IDX","Q","2020-Q4",106.969142051,
"CHE","QGDP","VOLIDX","IDX","Q","2021-Q1",106.839211833,
"CHE","QGDP","VOLIDX","IDX","Q","2021-Q2",108.966808774,
"CHE","QGDP","VOLIDX","IDX","Q","2021-Q3",110.923876527,
"CHE","QGDP","VOLIDX","IDX","Q","2021-Q4",111.044021345,
"CHE","QGDP","VOLIDX","IDX","Q","2022-Q1",111.388405022,
"CHE","QGDP","VOLIDX","IDX","Q","2022-Q2",111.689251366,
"TUR","QGDP","VOLIDX","IDX","Q","2015-Q1",97.846444676,
"TUR","QGDP","VOLIDX","IDX","Q","2015-Q2",99.337398863,
"TUR","QGDP","VOLIDX","IDX","Q","2015-Q3",100.729626318,
"TUR","QGDP","VOLIDX","IDX","Q","2015-Q4",101.905006953,
"TUR","QGDP","VOLIDX","IDX","Q","2016-Q1",102.273432245,
"TUR","QGDP","VOLIDX","IDX","Q","2016-Q2",103.736848879,
"TUR","QGDP","VOLIDX","IDX","Q","2016-Q3",100.762014831,
"TUR","QGDP","VOLIDX","IDX","Q","2016-Q4",106.313610485,
"TUR","QGDP","VOLIDX","IDX","Q","2017-Q1",107.768900615,
"TUR","QGDP","VOLIDX","IDX","Q","2017-Q2",110.226375137,
"TUR","QGDP","VOLIDX","IDX","Q","2017-Q3",111.897317173,
"TUR","QGDP","VOLIDX","IDX","Q","2017-Q4",114.004076405,
"TUR","QGDP","VOLIDX","IDX","Q","2018-Q1",115.678503438,
"TUR","QGDP","VOLIDX","IDX","Q","2018-Q2",116.439114812,
"TUR","QGDP","VOLIDX","IDX","Q","2018-Q3",114.543561078,
"TUR","QGDP","VOLIDX","IDX","Q","2018-Q4",110.896361969,
"TUR","QGDP","VOLIDX","IDX","Q","2019-Q1",113.004531401,
"TUR","QGDP","VOLIDX","IDX","Q","2019-Q2",115.693984042,
"TUR","QGDP","VOLIDX","IDX","Q","2019-Q3",115.752554631,
"TUR","QGDP","VOLIDX","IDX","Q","2019-Q4",117.332148675,
"TUR","QGDP","VOLIDX","IDX","Q","2020-Q1",117.94207968,
"TUR","QGDP","VOLIDX","IDX","Q","2020-Q2",105.709418974,
"TUR","QGDP","VOLIDX","IDX","Q","2020-Q3",122.252221899,
"TUR","QGDP","VOLIDX","IDX","Q","2020-Q4",123.578227919,
"TUR","QGDP","VOLIDX","IDX","Q","2021-Q1",126.811848815,
"TUR","QGDP","VOLIDX","IDX","Q","2021-Q2",129.341690654,
"TUR","QGDP","VOLIDX","IDX","Q","2021-Q3",132.852648635,
"TUR","QGDP","VOLIDX","IDX","Q","2021-Q4",134.945925973,
"TUR","QGDP","VOLIDX","IDX","Q","2022-Q1",135.85535958,
"TUR","QGDP","VOLIDX","IDX","Q","2022-Q2",138.667466861,
"GBR","QGDP","VOLIDX","IDX","Q","2015-Q1",99.129539838,
"GBR","QGDP","VOLIDX","IDX","Q","2015-Q2",99.75690896,
"GBR","QGDP","VOLIDX","IDX","Q","2015-Q3",100.186751514,
"GBR","QGDP","VOLIDX","IDX","Q","2015-Q4",100.926799688,
"GBR","QGDP","VOLIDX","IDX","Q","2016-Q1",101.29556749,
"GBR","QGDP","VOLIDX","IDX","Q","2016-Q2",101.933180163,
"GBR","QGDP","VOLIDX","IDX","Q","2016-Q3",102.383316543,
"GBR","QGDP","VOLIDX","IDX","Q","2016-Q4",103.048760748,
"GBR","QGDP","VOLIDX","IDX","Q","2017-Q1",103.810455669,
"GBR","QGDP","VOLIDX","IDX","Q","2017-Q2",104.367086314,
"GBR","QGDP","VOLIDX","IDX","Q","2017-Q3",104.905549153,
"GBR","QGDP","VOLIDX","IDX","Q","2017-Q4",105.563648926,
"GBR","QGDP","VOLIDX","IDX","Q","2018-Q1",105.721747492,
"GBR","QGDP","VOLIDX","IDX","Q","2018-Q2",106.202614521,
"GBR","QGDP","VOLIDX","IDX","Q","2018-Q3",106.792874934,
"GBR","QGDP","VOLIDX","IDX","Q","2018-Q4",107.067518041,
"GBR","QGDP","VOLIDX","IDX","Q","2019-Q1",107.742432698,
"GBR","QGDP","VOLIDX","IDX","Q","2019-Q2",107.860909985,
"GBR","QGDP","VOLIDX","IDX","Q","2019-Q3",108.519782856,
"GBR","QGDP","VOLIDX","IDX","Q","2019-Q4",108.492531147,
"GBR","QGDP","VOLIDX","IDX","Q","2020-Q1",105.627429521,
"GBR","QGDP","VOLIDX","IDX","Q","2020-Q2",83.454782216,
"GBR","QGDP","VOLIDX","IDX","Q","2020-Q3",97.315465103,
"GBR","QGDP","VOLIDX","IDX","Q","2020-Q4",98.496759028,
"GBR","QGDP","VOLIDX","IDX","Q","2021-Q1",97.345229381,
"GBR","QGDP","VOLIDX","IDX","Q","2021-Q2",103.712658757,
"GBR","QGDP","VOLIDX","IDX","Q","2021-Q3",105.544128199,
"GBR","QGDP","VOLIDX","IDX","Q","2021-Q4",107.255380884,
"GBR","QGDP","VOLIDX","IDX","Q","2022-Q1",107.997168528,
"GBR","QGDP","VOLIDX","IDX","Q","2022-Q2",108.250937985,
"USA","QGDP","VOLIDX","IDX","Q","2015-Q1",99.369485978,
"USA","QGDP","VOLIDX","IDX","Q","2015-Q2",99.945830419,
"USA","QGDP","VOLIDX","IDX","Q","2015-Q3",100.269027922,
"USA","QGDP","VOLIDX","IDX","Q","2015-Q4",100.41565568,
"USA","QGDP","VOLIDX","IDX","Q","2016-Q1",101.007284508,
"USA","QGDP","VOLIDX","IDX","Q","2016-Q2",101.312719231,
"USA","QGDP","VOLIDX","IDX","Q","2016-Q3",101.921725567,
"USA","QGDP","VOLIDX","IDX","Q","2016-Q4",102.428163202,
"USA","QGDP","VOLIDX","IDX","Q","2017-Q1",102.868259238,
"USA","QGDP","VOLIDX","IDX","Q","2017-Q2",103.386502308,
"USA","QGDP","VOLIDX","IDX","Q","2017-Q3",104.242013947,
"USA","QGDP","VOLIDX","IDX","Q","2017-Q4",105.290334274,
"USA","QGDP","VOLIDX","IDX","Q","2018-Q1",106.01963184,
"USA","QGDP","VOLIDX","IDX","Q","2018-Q2",106.758952238,
"USA","QGDP","VOLIDX","IDX","Q","2018-Q3",107.529790214,
"USA","QGDP","VOLIDX","IDX","Q","2018-Q4",107.725261306,
"USA","QGDP","VOLIDX","IDX","Q","2019-Q1",108.309897729,
"USA","QGDP","VOLIDX","IDX","Q","2019-Q2",109.038833024,
"USA","QGDP","VOLIDX","IDX","Q","2019-Q3",110.00924208,
"USA","QGDP","VOLIDX","IDX","Q","2019-Q4",110.49663461,
"USA","QGDP","VOLIDX","IDX","Q","2020-Q1",109.198128767,
"USA","QGDP","VOLIDX","IDX","Q","2020-Q2",99.933392448,
"USA","QGDP","VOLIDX","IDX","Q","2020-Q3",107.782643886,
"USA","QGDP","VOLIDX","IDX","Q","2020-Q4",108.820820624,
"USA","QGDP","VOLIDX","IDX","Q","2021-Q1",110.499699538,
"USA","QGDP","VOLIDX","IDX","Q","2021-Q2",112.385946984,
"USA","QGDP","VOLIDX","IDX","Q","2021-Q3",113.123979307,
"USA","QGDP","VOLIDX","IDX","Q","2021-Q4",115.042215859,
"USA","QGDP","VOLIDX","IDX","Q","2022-Q1",114.570153718,
"USA","QGDP","VOLIDX","IDX","Q","2022-Q2",114.404446353,
"USA","QGDP","VOLIDX","IDX","Q","2022-Q3",115.131576044,
"ARG","QGDP","VOLIDX","IDX","Q","2015-Q1",98.61799758,
"ARG","QGDP","VOLIDX","IDX","Q","2015-Q2",100.851119414,
"ARG","QGDP","VOLIDX","IDX","Q","2015-Q3",100.83778759,
"ARG","QGDP","VOLIDX","IDX","Q","2015-Q4",99.693095416,
"ARG","QGDP","VOLIDX","IDX","Q","2016-Q1",98.817621289,
"ARG","QGDP","VOLIDX","IDX","Q","2016-Q2",97.167434594,
"ARG","QGDP","VOLIDX","IDX","Q","2016-Q3",97.569301573,
"ARG","QGDP","VOLIDX","IDX","Q","2016-Q4",98.124331156,
"ARG","QGDP","VOLIDX","IDX","Q","2017-Q1",99.021212165,
"ARG","QGDP","VOLIDX","IDX","Q","2017-Q2",100.064513634,
"ARG","QGDP","VOLIDX","IDX","Q","2017-Q3",101.333802635,
"ARG","QGDP","VOLIDX","IDX","Q","2017-Q4",102.298635666,
"ARG","QGDP","VOLIDX","IDX","Q","2018-Q1",101.976968646,
"ARG","QGDP","VOLIDX","IDX","Q","2018-Q2",97.366249182,
"ARG","QGDP","VOLIDX","IDX","Q","2018-Q3",97.13820979,
"ARG","QGDP","VOLIDX","IDX","Q","2018-Q4",95.696005498,
"ARG","QGDP","VOLIDX","IDX","Q","2019-Q1",95.781409583,
"ARG","QGDP","VOLIDX","IDX","Q","2019-Q2",96.612228182,
"ARG","QGDP","VOLIDX","IDX","Q","2019-Q3",96.784729093,
"ARG","QGDP","VOLIDX","IDX","Q","2019-Q4",95.152140951,
"ARG","QGDP","VOLIDX","IDX","Q","2020-Q1",91.135578641,
"ARG","QGDP","VOLIDX","IDX","Q","2020-Q2",77.600167712,
"ARG","QGDP","VOLIDX","IDX","Q","2020-Q3",86.843733451,
"ARG","QGDP","VOLIDX","IDX","Q","2020-Q4",90.536141906,
"ARG","QGDP","VOLIDX","IDX","Q","2021-Q1",93.764751994,
"ARG","QGDP","VOLIDX","IDX","Q","2021-Q2",93.185623686,
"ARG","QGDP","VOLIDX","IDX","Q","2021-Q3",96.788062291,
"ARG","QGDP","VOLIDX","IDX","Q","2021-Q4",98.367149231,
"ARG","QGDP","VOLIDX","IDX","Q","2022-Q1",99.526855185,
"ARG","QGDP","VOLIDX","IDX","Q","2022-Q2",100.564542098,
"BRA","QGDP","VOLIDX","IDX","Q","2015-Q1",102.913726376,
"BRA","QGDP","VOLIDX","IDX","Q","2015-Q2",100.466488604,
"BRA","QGDP","VOLIDX","IDX","Q","2015-Q3",98.871399947,
"BRA","QGDP","VOLIDX","IDX","Q","2015-Q4",98.086563561,
"BRA","QGDP","VOLIDX","IDX","Q","2016-Q1",96.601893825,
"BRA","QGDP","VOLIDX","IDX","Q","2016-Q2",96.95948637,
"BRA","QGDP","VOLIDX","IDX","Q","2016-Q3",96.474110235,
"BRA","QGDP","VOLIDX","IDX","Q","2016-Q4",96.263953605,
"BRA","QGDP","VOLIDX","IDX","Q","2017-Q1",97.322966103,
"BRA","QGDP","VOLIDX","IDX","Q","2017-Q2",98.075822549,
"BRA","QGDP","VOLIDX","IDX","Q","2017-Q3",98.382022874,
"BRA","QGDP","VOLIDX","IDX","Q","2017-Q4",98.78112263,
"BRA","QGDP","VOLIDX","IDX","Q","2018-Q1",99.407142585,
"BRA","QGDP","VOLIDX","IDX","Q","2018-Q2",99.355623518,
"BRA","QGDP","VOLIDX","IDX","Q","2018-Q3",100.382169546,
"BRA","QGDP","VOLIDX","IDX","Q","2018-Q4",100.036638915,
"BRA","QGDP","VOLIDX","IDX","Q","2019-Q1",100.445967429,
"BRA","QGDP","VOLIDX","IDX","Q","2019-Q2",101.008351197,
"BRA","QGDP","VOLIDX","IDX","Q","2019-Q3",101.116132306,
"BRA","QGDP","VOLIDX","IDX","Q","2019-Q4",101.471083183,
"BRA","QGDP","VOLIDX","IDX","Q","2020-Q1",99.075485692,
"BRA","QGDP","VOLIDX","IDX","Q","2020-Q2",90.193740742,
"BRA","QGDP","VOLIDX","IDX","Q","2020-Q3",97.401066062,
"BRA","QGDP","VOLIDX","IDX","Q","2020-Q4",100.493344858,
"BRA","QGDP","VOLIDX","IDX","Q","2021-Q1",101.566330339,
"BRA","QGDP","VOLIDX","IDX","Q","2021-Q2",101.282739247,
"BRA","QGDP","VOLIDX","IDX","Q","2021-Q3",101.342930856,
"BRA","QGDP","VOLIDX","IDX","Q","2021-Q4",102.128221741,
"BRA","QGDP","VOLIDX","IDX","Q","2022-Q1",103.274469019,
"BRA","QGDP","VOLIDX","IDX","Q","2022-Q2",104.547356078,
"CHL","QGDP","VOLIDX","IDX","Q","2015-Q1",99.395474462,
"CHL","QGDP","VOLIDX","IDX","Q","2015-Q2",100.173332196,
"CHL","QGDP","VOLIDX","IDX","Q","2015-Q3",99.731536418,
"CHL","QGDP","VOLIDX","IDX","Q","2015-Q4",100.504141299,
"CHL","QGDP","VOLIDX","IDX","Q","2016-Q1",101.870880598,
"CHL","QGDP","VOLIDX","IDX","Q","2016-Q2",101.157927499,
"CHL","QGDP","VOLIDX","IDX","Q","2016-Q3",101.745845019,
"CHL","QGDP","VOLIDX","IDX","Q","2016-Q4",101.62636519,
"CHL","QGDP","VOLIDX","IDX","Q","2017-Q1",101.331654159,
"CHL","QGDP","VOLIDX","IDX","Q","2017-Q2",102.301665,
"CHL","QGDP","VOLIDX","IDX","Q","2017-Q3",104.220678024,
"CHL","QGDP","VOLIDX","IDX","Q","2017-Q4",104.979346077,
"CHL","QGDP","VOLIDX","IDX","Q","2018-Q1",106.470079774,
"CHL","QGDP","VOLIDX","IDX","Q","2018-Q2",107.541926213,
"CHL","QGDP","VOLIDX","IDX","Q","2018-Q3",107.113170481,
"CHL","QGDP","VOLIDX","IDX","Q","2018-Q4",108.345538379,
"CHL","QGDP","VOLIDX","IDX","Q","2019-Q1",108.327299046,
"CHL","QGDP","VOLIDX","IDX","Q","2019-Q2",109.308179112,
"CHL","QGDP","VOLIDX","IDX","Q","2019-Q3",109.598355095,
"CHL","QGDP","VOLIDX","IDX","Q","2019-Q4",105.269024441,
"CHL","QGDP","VOLIDX","IDX","Q","2020-Q1",107.693567851,
"CHL","QGDP","VOLIDX","IDX","Q","2020-Q2",93.773395475,
"CHL","QGDP","VOLIDX","IDX","Q","2020-Q3",98.773860894,
"CHL","QGDP","VOLIDX","IDX","Q","2020-Q4",105.389758235,
"CHL","QGDP","VOLIDX","IDX","Q","2021-Q1",109.34807172,
"CHL","QGDP","VOLIDX","IDX","Q","2021-Q2",110.842498912,
"CHL","QGDP","VOLIDX","IDX","Q","2021-Q3",115.762901085,
"CHL","QGDP","VOLIDX","IDX","Q","2021-Q4",117.776064004,
"CHL","QGDP","VOLIDX","IDX","Q","2022-Q1",117.112018492,
"CHL","QGDP","VOLIDX","IDX","Q","2022-Q2",117.103794303,
"COL","QGDP","VOLIDX","IDX","Q","2015-Q1",98.987717139,
"COL","QGDP","VOLIDX","IDX","Q","2015-Q2",99.811585402,
"COL","QGDP","VOLIDX","IDX","Q","2015-Q3",100.787501056,
"COL","QGDP","VOLIDX","IDX","Q","2015-Q4",100.413196453,
"COL","QGDP","VOLIDX","IDX","Q","2016-Q1",101.175574108,
"COL","QGDP","VOLIDX","IDX","Q","2016-Q2",101.795287091,
"COL","QGDP","VOLIDX","IDX","Q","2016-Q3",102.379269037,
"COL","QGDP","VOLIDX","IDX","Q","2016-Q4",102.99939977,
"COL","QGDP","VOLIDX","IDX","Q","2017-Q1",102.726878408,
"COL","QGDP","VOLIDX","IDX","Q","2017-Q2",103.131629592,
"COL","QGDP","VOLIDX","IDX","Q","2017-Q3",103.770783306,
"COL","QGDP","VOLIDX","IDX","Q","2017-Q4",104.271182415,
"COL","QGDP","VOLIDX","IDX","Q","2018-Q1",104.777418839,
"COL","QGDP","VOLIDX","IDX","Q","2018-Q2",105.585714236,
"COL","QGDP","VOLIDX","IDX","Q","2018-Q3",106.808084087,
"COL","QGDP","VOLIDX","IDX","Q","2018-Q4",107.343006964,
"COL","QGDP","VOLIDX","IDX","Q","2019-Q1",108.135157949,
"COL","QGDP","VOLIDX","IDX","Q","2019-Q2",109.016576131,
"COL","QGDP","VOLIDX","IDX","Q","2019-Q3",110.250722662,
"COL","QGDP","VOLIDX","IDX","Q","2019-Q4",110.640421776,
"COL","QGDP","VOLIDX","IDX","Q","2020-Q1",108.394650077,
"COL","QGDP","VOLIDX","IDX","Q","2020-Q2",91.187543557,
"COL","QGDP","VOLIDX","IDX","Q","2020-Q3",100.895698429,
"COL","QGDP","VOLIDX","IDX","Q","2020-Q4",106.691062021,
"COL","QGDP","VOLIDX","IDX","Q","2021-Q1",110.203319183,
"COL","QGDP","VOLIDX","IDX","Q","2021-Q2",107.763786542,
"COL","QGDP","VOLIDX","IDX","Q","2021-Q3",114.697555686,
"COL","QGDP","VOLIDX","IDX","Q","2021-Q4",117.977775099,
"COL","QGDP","VOLIDX","IDX","Q","2022-Q1",119.587362071,
"COL","QGDP","VOLIDX","IDX","Q","2022-Q2",121.346057821,
"CRI","QGDP","VOLIDX","IDX","Q","2015-Q1",97.87503072,
"CRI","QGDP","VOLIDX","IDX","Q","2015-Q2",100.015236443,
"CRI","QGDP","VOLIDX","IDX","Q","2015-Q3",101.389575282,
"CRI","QGDP","VOLIDX","IDX","Q","2015-Q4",100.817411328,
"CRI","QGDP","VOLIDX","IDX","Q","2016-Q1",103.276168445,
"CRI","QGDP","VOLIDX","IDX","Q","2016-Q2",102.871493221,
"CRI","QGDP","VOLIDX","IDX","Q","2016-Q3",104.802557232,
"CRI","QGDP","VOLIDX","IDX","Q","2016-Q4",105.908885484,
"CRI","QGDP","VOLIDX","IDX","Q","2017-Q1",106.237149923,
"CRI","QGDP","VOLIDX","IDX","Q","2017-Q2",108.612482879,
"CRI","QGDP","VOLIDX","IDX","Q","2017-Q3",108.686295251,
"CRI","QGDP","VOLIDX","IDX","Q","2017-Q4",110.674660367,
"CRI","QGDP","VOLIDX","IDX","Q","2018-Q1",110.81281187,
"CRI","QGDP","VOLIDX","IDX","Q","2018-Q2",111.972595627,
"CRI","QGDP","VOLIDX","IDX","Q","2018-Q3",111.682860639,
"CRI","QGDP","VOLIDX","IDX","Q","2018-Q4",111.134906991,
"CRI","QGDP","VOLIDX","IDX","Q","2019-Q1",112.179817636,
"CRI","QGDP","VOLIDX","IDX","Q","2019-Q2",113.716620932,
"CRI","QGDP","VOLIDX","IDX","Q","2019-Q3",114.605050865,
"CRI","QGDP","VOLIDX","IDX","Q","2019-Q4",115.811248938,
"CRI","QGDP","VOLIDX","IDX","Q","2020-Q1",114.46577846,
"CRI","QGDP","VOLIDX","IDX","Q","2020-Q2",105.197814584,
"CRI","QGDP","VOLIDX","IDX","Q","2020-Q3",106.525318911,
"CRI","QGDP","VOLIDX","IDX","Q","2020-Q4",110.42319796,
"CRI","QGDP","VOLIDX","IDX","Q","2021-Q1",113.318395536,
"CRI","QGDP","VOLIDX","IDX","Q","2021-Q2",115.601017801,
"CRI","QGDP","VOLIDX","IDX","Q","2021-Q3",119.914388829,
"CRI","QGDP","VOLIDX","IDX","Q","2021-Q4",121.990185642,
"CRI","QGDP","VOLIDX","IDX","Q","2022-Q1",122.279095028,
"CRI","QGDP","VOLIDX","IDX","Q","2022-Q2",123.053916608,
"CRI","QGDP","VOLIDX","IDX","Q","2022-Q3",122.857985781,
"EST","QGDP","VOLIDX","IDX","Q","2015-Q1",98.395345851,
"EST","QGDP","VOLIDX","IDX","Q","2015-Q2",100.336099969,
"EST","QGDP","VOLIDX","IDX","Q","2015-Q3",101.08339723,
"EST","QGDP","VOLIDX","IDX","Q","2015-Q4",100.896134747,
"EST","QGDP","VOLIDX","IDX","Q","2016-Q1",102.534302923,
"EST","QGDP","VOLIDX","IDX","Q","2016-Q2",102.351416302,
"EST","QGDP","VOLIDX","IDX","Q","2016-Q3",103.461881062,
"EST","QGDP","VOLIDX","IDX","Q","2016-Q4",104.712751484,
"EST","QGDP","VOLIDX","IDX","Q","2017-Q1",106.881480862,
"EST","QGDP","VOLIDX","IDX","Q","2017-Q2",108.759912385,
"EST","QGDP","VOLIDX","IDX","Q","2017-Q3",109.142324373,
"EST","QGDP","VOLIDX","IDX","Q","2017-Q4",110.807013338,
"EST","QGDP","VOLIDX","IDX","Q","2018-Q1",111.569008611,
"EST","QGDP","VOLIDX","IDX","Q","2018-Q2",112.539556284,
"EST","QGDP","VOLIDX","IDX","Q","2018-Q3",113.510658453,
"EST","QGDP","VOLIDX","IDX","Q","2018-Q4",114.767839656,
"EST","QGDP","VOLIDX","IDX","Q","2019-Q1",116.519369231,
"EST","QGDP","VOLIDX","IDX","Q","2019-Q2",116.713789748,
"EST","QGDP","VOLIDX","IDX","Q","2019-Q3",117.057898883,
"EST","QGDP","VOLIDX","IDX","Q","2019-Q4",118.410240069,
"EST","QGDP","VOLIDX","IDX","Q","2020-Q1",119.258147266,
"EST","QGDP","VOLIDX","IDX","Q","2020-Q2",111.200873916,
"EST","QGDP","VOLIDX","IDX","Q","2020-Q3",116.511460882,
"EST","QGDP","VOLIDX","IDX","Q","2020-Q4",119.637782898,
"EST","QGDP","VOLIDX","IDX","Q","2021-Q1",122.743191123,
"EST","QGDP","VOLIDX","IDX","Q","2021-Q2",126.203354412,
"EST","QGDP","VOLIDX","IDX","Q","2021-Q3",127.184885364,
"EST","QGDP","VOLIDX","IDX","Q","2021-Q4",128.236011335,
"EST","QGDP","VOLIDX","IDX","Q","2022-Q1",128.262968354,
"EST","QGDP","VOLIDX","IDX","Q","2022-Q2",126.543029521,
"IND","QGDP","VOLIDX","IDX","Q","2015-Q1",97.051219502,
"IND","QGDP","VOLIDX","IDX","Q","2015-Q2",99.12977377,
"IND","QGDP","VOLIDX","IDX","Q","2015-Q3",100.959942233,
"IND","QGDP","VOLIDX","IDX","Q","2015-Q4",103.01204547,
"IND","QGDP","VOLIDX","IDX","Q","2016-Q1",106.002002861,
"IND","QGDP","VOLIDX","IDX","Q","2016-Q2",107.889988565,
"IND","QGDP","VOLIDX","IDX","Q","2016-Q3",110.362313458,
"IND","QGDP","VOLIDX","IDX","Q","2016-Q4",111.867184645,
"IND","QGDP","VOLIDX","IDX","Q","2017-Q1",112.761228831,
"IND","QGDP","VOLIDX","IDX","Q","2017-Q2",115.081800377,
"IND","QGDP","VOLIDX","IDX","Q","2017-Q3",116.979628197,
"IND","QGDP","VOLIDX","IDX","Q","2017-Q4",119.180184835,
"IND","QGDP","VOLIDX","IDX","Q","2018-Q1",121.734519855,
"IND","QGDP","VOLIDX","IDX","Q","2018-Q2",123.373274487,
"IND","QGDP","VOLIDX","IDX","Q","2018-Q3",125.058873168,
"IND","QGDP","VOLIDX","IDX","Q","2018-Q4",126.865486991,
"IND","QGDP","VOLIDX","IDX","Q","2019-Q1",128.203761488,
"IND","QGDP","VOLIDX","IDX","Q","2019-Q2",129.625405725,
"IND","QGDP","VOLIDX","IDX","Q","2019-Q3",130.474522478,
"IND","QGDP","VOLIDX","IDX","Q","2019-Q4",131.089804518,
"IND","QGDP","VOLIDX","IDX","Q","2020-Q1",131.132060451,
"IND","QGDP","VOLIDX","IDX","Q","2020-Q2",99.812787348,
"IND","QGDP","VOLIDX","IDX","Q","2020-Q3",122.608352364,
"IND","QGDP","VOLIDX","IDX","Q","2020-Q4",132.406458599,
"IND","QGDP","VOLIDX","IDX","Q","2021-Q1",133.041417955,
"IND","QGDP","VOLIDX","IDX","Q","2021-Q2",119.698472399,
"IND","QGDP","VOLIDX","IDX","Q","2021-Q3",133.050523964,
"IND","QGDP","VOLIDX","IDX","Q","2021-Q4",139.681775604,
"IND","QGDP","VOLIDX","IDX","Q","2022-Q1",137.7912813,
"IND","QGDP","VOLIDX","IDX","Q","2022-Q2",135.818142251,
"IDN","QGDP","VOLIDX","IDX","Q","2015-Q1",98.207143846,
"IDN","QGDP","VOLIDX","IDX","Q","2015-Q2",99.340865415,
"IDN","QGDP","VOLIDX","IDX","Q","2015-Q3",100.575336401,
"IDN","QGDP","VOLIDX","IDX","Q","2015-Q4",101.876654338,
"IDN","QGDP","VOLIDX","IDX","Q","2016-Q1",103.101698066,
"IDN","QGDP","VOLIDX","IDX","Q","2016-Q2",104.400345018,
"IDN","QGDP","VOLIDX","IDX","Q","2016-Q3",105.679841432,
"IDN","QGDP","VOLIDX","IDX","Q","2016-Q4",106.950392215,
"IDN","QGDP","VOLIDX","IDX","Q","2017-Q1",108.292966216,
"IDN","QGDP","VOLIDX","IDX","Q","2017-Q2",109.650749714,
"IDN","QGDP","VOLIDX","IDX","Q","2017-Q3",111.032946811,
"IDN","QGDP","VOLIDX","IDX","Q","2017-Q4",112.455420923,
"IDN","QGDP","VOLIDX","IDX","Q","2018-Q1",113.900041368,
"IDN","QGDP","VOLIDX","IDX","Q","2018-Q2",115.323200061,
"IDN","QGDP","VOLIDX","IDX","Q","2018-Q3",116.785590617,
"IDN","QGDP","VOLIDX","IDX","Q","2018-Q4",118.264234576,
"IDN","QGDP","VOLIDX","IDX","Q","2019-Q1",119.726379892,
"IDN","QGDP","VOLIDX","IDX","Q","2019-Q2",121.225469357,
"IDN","QGDP","VOLIDX","IDX","Q","2019-Q3",122.675749067,
"IDN","QGDP","VOLIDX","IDX","Q","2019-Q4",123.948669143,
"IDN","QGDP","VOLIDX","IDX","Q","2020-Q1",123.160665061,
"IDN","QGDP","VOLIDX","IDX","Q","2020-Q2",114.669857275,
"IDN","QGDP","VOLIDX","IDX","Q","2020-Q3",118.40419699,
"IDN","QGDP","VOLIDX","IDX","Q","2020-Q4",121.273074118,
"IDN","QGDP","VOLIDX","IDX","Q","2021-Q1",122.517414211,
"IDN","QGDP","VOLIDX","IDX","Q","2021-Q2",122.921808835,
"IDN","QGDP","VOLIDX","IDX","Q","2021-Q3",122.623165439,
"IDN","QGDP","VOLIDX","IDX","Q","2021-Q4",127.071364169,
"IDN","QGDP","VOLIDX","IDX","Q","2022-Q1",128.539769568,
"IDN","QGDP","VOLIDX","IDX","Q","2022-Q2",129.833260975,
"ISR","QGDP","VOLIDX","IDX","Q","2015-Q1",99.590519015,
"ISR","QGDP","VOLIDX","IDX","Q","2015-Q2",99.67920362,
"ISR","QGDP","VOLIDX","IDX","Q","2015-Q3",99.977526853,
"ISR","QGDP","VOLIDX","IDX","Q","2015-Q4",101.01747288,
"ISR","QGDP","VOLIDX","IDX","Q","2016-Q1",101.875887982,
"ISR","QGDP","VOLIDX","IDX","Q","2016-Q2",104.134099961,
"ISR","QGDP","VOLIDX","IDX","Q","2016-Q3",105.240675864,
"ISR","QGDP","VOLIDX","IDX","Q","2016-Q4",106.554880088,
"ISR","QGDP","VOLIDX","IDX","Q","2017-Q1",106.752739395,
"ISR","QGDP","VOLIDX","IDX","Q","2017-Q2",108.170345846,
"ISR","QGDP","VOLIDX","IDX","Q","2017-Q3",109.778471447,
"ISR","QGDP","VOLIDX","IDX","Q","2017-Q4",111.473285588,
"ISR","QGDP","VOLIDX","IDX","Q","2018-Q1",112.863721484,
"ISR","QGDP","VOLIDX","IDX","Q","2018-Q2",113.091628934,
"ISR","QGDP","VOLIDX","IDX","Q","2018-Q3",114.087717175,
"ISR","QGDP","VOLIDX","IDX","Q","2018-Q4",115.019294726,
"ISR","QGDP","VOLIDX","IDX","Q","2019-Q1",116.990551711,
"ISR","QGDP","VOLIDX","IDX","Q","2019-Q2",117.463712526,
"ISR","QGDP","VOLIDX","IDX","Q","2019-Q3",118.830821098,
"ISR","QGDP","VOLIDX","IDX","Q","2019-Q4",119.843746488,
"ISR","QGDP","VOLIDX","IDX","Q","2020-Q1",118.431652362,
"ISR","QGDP","VOLIDX","IDX","Q","2020-Q2",108.125040447,
"ISR","QGDP","VOLIDX","IDX","Q","2020-Q3",117.479955434,
"ISR","QGDP","VOLIDX","IDX","Q","2020-Q4",120.170179799,
"ISR","QGDP","VOLIDX","IDX","Q","2021-Q1",120.12420181,
"ISR","QGDP","VOLIDX","IDX","Q","2021-Q2",124.792460619,
"ISR","QGDP","VOLIDX","IDX","Q","2021-Q3",127.002057159,
"ISR","QGDP","VOLIDX","IDX","Q","2021-Q4",132.827409084,
"ISR","QGDP","VOLIDX","IDX","Q","2022-Q1",131.967223133,
"ISR","QGDP","VOLIDX","IDX","Q","2022-Q2",134.194684871,
"LVA","QGDP","VOLIDX","IDX","Q","2015-Q1",98.654174246,
"LVA","QGDP","VOLIDX","IDX","Q","2015-Q2",100.11376305,
"LVA","QGDP","VOLIDX","IDX","Q","2015-Q3",100.828003242,
"LVA","QGDP","VOLIDX","IDX","Q","2015-Q4",100.678321444,
"LVA","QGDP","VOLIDX","IDX","Q","2016-Q1",102.539682566,
"LVA","QGDP","VOLIDX","IDX","Q","2016-Q2",101.642373151,
"LVA","QGDP","VOLIDX","IDX","Q","2016-Q3",101.745107444,
"LVA","QGDP","VOLIDX","IDX","Q","2016-Q4",102.985781531,
"LVA","QGDP","VOLIDX","IDX","Q","2017-Q1",104.562332132,
"LVA","QGDP","VOLIDX","IDX","Q","2017-Q2",105.490196493,
"LVA","QGDP","VOLIDX","IDX","Q","2017-Q3",105.781502179,
"LVA","QGDP","VOLIDX","IDX","Q","2017-Q4",106.563249757,
"LVA","QGDP","VOLIDX","IDX","Q","2018-Q1",107.914862556,
"LVA","QGDP","VOLIDX","IDX","Q","2018-Q2",109.645392507,
"LVA","QGDP","VOLIDX","IDX","Q","2018-Q3",110.740959085,
"LVA","QGDP","VOLIDX","IDX","Q","2018-Q4",111.83445828,
"LVA","QGDP","VOLIDX","IDX","Q","2019-Q1",112.306456511,
"LVA","QGDP","VOLIDX","IDX","Q","2019-Q2",112.962500681,
"LVA","QGDP","VOLIDX","IDX","Q","2019-Q3",112.751920611,
"LVA","QGDP","VOLIDX","IDX","Q","2019-Q4",113.202886881,
"LVA","QGDP","VOLIDX","IDX","Q","2020-Q1",112.877217055,
"LVA","QGDP","VOLIDX","IDX","Q","2020-Q2",104.981245823,
"LVA","QGDP","VOLIDX","IDX","Q","2020-Q3",110.73856613,
"LVA","QGDP","VOLIDX","IDX","Q","2020-Q4",112.818369888,
"LVA","QGDP","VOLIDX","IDX","Q","2021-Q1",112.19667358,
"LVA","QGDP","VOLIDX","IDX","Q","2021-Q2",114.887657665,
"LVA","QGDP","VOLIDX","IDX","Q","2021-Q3",115.588679628,
"LVA","QGDP","VOLIDX","IDX","Q","2021-Q4",115.60105137,
"LVA","QGDP","VOLIDX","IDX","Q","2022-Q1",117.927785329,
"LVA","QGDP","VOLIDX","IDX","Q","2022-Q2",118.221451412,
"LVA","QGDP","VOLIDX","IDX","Q","2022-Q3",116.212980513,
"LTU","QGDP","VOLIDX","IDX","Q","2015-Q1",98.998476322,
"LTU","QGDP","VOLIDX","IDX","Q","2015-Q2",99.765789927,
"LTU","QGDP","VOLIDX","IDX","Q","2015-Q3",100.415415494,
"LTU","QGDP","VOLIDX","IDX","Q","2015-Q4",100.739262196,
"LTU","QGDP","VOLIDX","IDX","Q","2016-Q1",101.143303504,
"LTU","QGDP","VOLIDX","IDX","Q","2016-Q2",101.863713855,
"LTU","QGDP","VOLIDX","IDX","Q","2016-Q3",102.917937325,
"LTU","QGDP","VOLIDX","IDX","Q","2016-Q4",104.150351298,
"LTU","QGDP","VOLIDX","IDX","Q","2017-Q1",105.376530165,
"LTU","QGDP","VOLIDX","IDX","Q","2017-Q2",106.371632684,
"LTU","QGDP","VOLIDX","IDX","Q","2017-Q3",107.456185301,
"LTU","QGDP","VOLIDX","IDX","Q","2017-Q4",108.432836066,
"LTU","QGDP","VOLIDX","IDX","Q","2018-Q1",109.347976101,
"LTU","QGDP","VOLIDX","IDX","Q","2018-Q2",110.581776097,
"LTU","QGDP","VOLIDX","IDX","Q","2018-Q3",111.683856313,
"LTU","QGDP","VOLIDX","IDX","Q","2018-Q4",113.100455334,
"LTU","QGDP","VOLIDX","IDX","Q","2019-Q1",114.764278983,
"LTU","QGDP","VOLIDX","IDX","Q","2019-Q2",116.0402668,
"LTU","QGDP","VOLIDX","IDX","Q","2019-Q3",116.555273928,
"LTU","QGDP","VOLIDX","IDX","Q","2019-Q4",117.922722238,
"LTU","QGDP","VOLIDX","IDX","Q","2020-Q1",118.45176401,
"LTU","QGDP","VOLIDX","IDX","Q","2020-Q2",112.119310814,
"LTU","QGDP","VOLIDX","IDX","Q","2020-Q3",116.259848802,
"LTU","QGDP","VOLIDX","IDX","Q","2020-Q4",118.350361124,
"LTU","QGDP","VOLIDX","IDX","Q","2021-Q1",120.967271529,
"LTU","QGDP","VOLIDX","IDX","Q","2021-Q2",122.947056432,
"LTU","QGDP","VOLIDX","IDX","Q","2021-Q3",123.854601589,
"LTU","QGDP","VOLIDX","IDX","Q","2021-Q4",125.235004183,
"LTU","QGDP","VOLIDX","IDX","Q","2022-Q1",125.926036522,
"LTU","QGDP","VOLIDX","IDX","Q","2022-Q2",126.353199069,
"LTU","QGDP","VOLIDX","IDX","Q","2022-Q3",126.900827121,
"RUS","QGDP","VOLIDX","IDX","Q","2015-Q1",100.546136073,
"RUS","QGDP","VOLIDX","IDX","Q","2015-Q2",99.872670395,
"RUS","QGDP","VOLIDX","IDX","Q","2015-Q3",100.065949854,
"RUS","QGDP","VOLIDX","IDX","Q","2015-Q4",99.807988525,
"RUS","QGDP","VOLIDX","IDX","Q","2016-Q1",99.997681116,
"RUS","QGDP","VOLIDX","IDX","Q","2016-Q2",100.051528608,
"RUS","QGDP","VOLIDX","IDX","Q","2016-Q3",100.152296969,
"RUS","QGDP","VOLIDX","IDX","Q","2016-Q4",100.978659519,
"RUS","QGDP","VOLIDX","IDX","Q","2017-Q1",101.18231831,
"RUS","QGDP","VOLIDX","IDX","Q","2017-Q2",101.880937986,
"RUS","QGDP","VOLIDX","IDX","Q","2017-Q3",102.57320316,
"RUS","QGDP","VOLIDX","IDX","Q","2017-Q4",102.594738037,
"RUS","QGDP","VOLIDX","IDX","Q","2018-Q1",103.985955711,
"RUS","QGDP","VOLIDX","IDX","Q","2018-Q2",104.566141753,
"RUS","QGDP","VOLIDX","IDX","Q","2018-Q3",104.818531816,
"RUS","QGDP","VOLIDX","IDX","Q","2018-Q4",105.514491803,
"RUS","QGDP","VOLIDX","IDX","Q","2019-Q1",105.474314152,
"RUS","QGDP","VOLIDX","IDX","Q","2019-Q2",107.85984734,
"RUS","QGDP","VOLIDX","IDX","Q","2019-Q3",106.804594482,
"RUS","QGDP","VOLIDX","IDX","Q","2019-Q4",106.321316793,
"RUS","QGDP","VOLIDX","IDX","Q","2020-Q1",106.112583257,
"RUS","QGDP","VOLIDX","IDX","Q","2020-Q2",101.353431697,
"RUS","QGDP","VOLIDX","IDX","Q","2020-Q3",104.169109693,
"RUS","QGDP","VOLIDX","IDX","Q","2020-Q4",104.939693623,
"RUS","QGDP","VOLIDX","IDX","Q","2021-Q1",105.654111856,
"RUS","QGDP","VOLIDX","IDX","Q","2021-Q2",109.02546456,
"RUS","QGDP","VOLIDX","IDX","Q","2021-Q3",108.159250817,
"SAU","QGDP","VOLIDX","IDX","Q","2015-Q1",98.382408623,
"SAU","QGDP","VOLIDX","IDX","Q","2015-Q2",100.338201783,
"SAU","QGDP","VOLIDX","IDX","Q","2015-Q3",100.838839458,
"SAU","QGDP","VOLIDX","IDX","Q","2015-Q4",100.440550151,
"SAU","QGDP","VOLIDX","IDX","Q","2016-Q1",101.539952571,
"SAU","QGDP","VOLIDX","IDX","Q","2016-Q2",101.522410767,
"SAU","QGDP","VOLIDX","IDX","Q","2016-Q3",101.374931756,
"SAU","QGDP","VOLIDX","IDX","Q","2016-Q4",102.245361065,
"SAU","QGDP","VOLIDX","IDX","Q","2017-Q1",100.766798247,
"SAU","QGDP","VOLIDX","IDX","Q","2017-Q2",101.198097422,
"SAU","QGDP","VOLIDX","IDX","Q","2017-Q3",101.180256817,
"SAU","QGDP","VOLIDX","IDX","Q","2017-Q4",100.521836193,
"SAU","QGDP","VOLIDX","IDX","Q","2018-Q1",103.033716445,
"SAU","QGDP","VOLIDX","IDX","Q","2018-Q2",102.818656743,
"SAU","QGDP","VOLIDX","IDX","Q","2018-Q3",104.272917222,
"SAU","QGDP","VOLIDX","IDX","Q","2018-Q4",104.774953777,
"SAU","QGDP","VOLIDX","IDX","Q","2019-Q1",104.462990452,
"SAU","QGDP","VOLIDX","IDX","Q","2019-Q2",103.730524716,
"SAU","QGDP","VOLIDX","IDX","Q","2019-Q3",103.538599415,
"SAU","QGDP","VOLIDX","IDX","Q","2019-Q4",103.858444004,
"SAU","QGDP","VOLIDX","IDX","Q","2020-Q1",102.474196492,
"SAU","QGDP","VOLIDX","IDX","Q","2020-Q2",97.50562143,
"SAU","QGDP","VOLIDX","IDX","Q","2020-Q3",98.236723112,
"SAU","QGDP","VOLIDX","IDX","Q","2020-Q4",100.277528773,
"SAU","QGDP","VOLIDX","IDX","Q","2021-Q1",99.148209164,
"SAU","QGDP","VOLIDX","IDX","Q","2021-Q2",99.367283077,
"SAU","QGDP","VOLIDX","IDX","Q","2021-Q3",105.012315721,
"SAU","QGDP","VOLIDX","IDX","Q","2021-Q4",106.669747372,
"SAU","QGDP","VOLIDX","IDX","Q","2022-Q1",109.447285814,
"SAU","QGDP","VOLIDX","IDX","Q","2022-Q2",111.880606608,
"SVN","QGDP","VOLIDX","IDX","Q","2015-Q1",98.91264985,
"SVN","QGDP","VOLIDX","IDX","Q","2015-Q2",99.601115155,
"SVN","QGDP","VOLIDX","IDX","Q","2015-Q3",100.237984586,
"SVN","QGDP","VOLIDX","IDX","Q","2015-Q4",100.381004395,
"SVN","QGDP","VOLIDX","IDX","Q","2016-Q1",101.391640354,
"SVN","QGDP","VOLIDX","IDX","Q","2016-Q2",102.732197401,
"SVN","QGDP","VOLIDX","IDX","Q","2016-Q3",103.633488418,
"SVN","QGDP","VOLIDX","IDX","Q","2016-Q4",104.449052777,
"SVN","QGDP","VOLIDX","IDX","Q","2017-Q1",106.347653768,
"SVN","QGDP","VOLIDX","IDX","Q","2017-Q2",107.586403779,
"SVN","QGDP","VOLIDX","IDX","Q","2017-Q3",108.481530105,
"SVN","QGDP","VOLIDX","IDX","Q","2017-Q4",110.908292601,
"SVN","QGDP","VOLIDX","IDX","Q","2018-Q1",111.112498012,
"SVN","QGDP","VOLIDX","IDX","Q","2018-Q2",112.661276028,
"SVN","QGDP","VOLIDX","IDX","Q","2018-Q3",113.930924273,
"SVN","QGDP","VOLIDX","IDX","Q","2018-Q4",115.374743193,
"SVN","QGDP","VOLIDX","IDX","Q","2019-Q1",116.177356025,
"SVN","QGDP","VOLIDX","IDX","Q","2019-Q2",115.987128461,
"SVN","QGDP","VOLIDX","IDX","Q","2019-Q3",117.306206584,
"SVN","QGDP","VOLIDX","IDX","Q","2019-Q4",119.140045749,
"SVN","QGDP","VOLIDX","IDX","Q","2020-Q1",113.55567291,
"SVN","QGDP","VOLIDX","IDX","Q","2020-Q2",102.547777322,
"SVN","QGDP","VOLIDX","IDX","Q","2020-Q3",114.91370759,
"SVN","QGDP","VOLIDX","IDX","Q","2020-Q4",114.694147657,
"SVN","QGDP","VOLIDX","IDX","Q","2021-Q1",116.584701068,
"SVN","QGDP","VOLIDX","IDX","Q","2021-Q2",118.7488205,
"SVN","QGDP","VOLIDX","IDX","Q","2021-Q3",120.428011753,
"SVN","QGDP","VOLIDX","IDX","Q","2021-Q4",126.667879627,
"SVN","QGDP","VOLIDX","IDX","Q","2022-Q1",127.536768149,
"SVN","QGDP","VOLIDX","IDX","Q","2022-Q2",128.607157759,
"ZAF","QGDP","VOLIDX","IDX","Q","2015-Q1",100.302865967,
"ZAF","QGDP","VOLIDX","IDX","Q","2015-Q2",99.456045609,
"ZAF","QGDP","VOLIDX","IDX","Q","2015-Q3",99.904019517,
"ZAF","QGDP","VOLIDX","IDX","Q","2015-Q4",100.337069676,
"ZAF","QGDP","VOLIDX","IDX","Q","2016-Q1",100.576739123,
"ZAF","QGDP","VOLIDX","IDX","Q","2016-Q2",100.673508333,
"ZAF","QGDP","VOLIDX","IDX","Q","2016-Q3",100.661243157,
"ZAF","QGDP","VOLIDX","IDX","Q","2016-Q4",100.746718216,
"ZAF","QGDP","VOLIDX","IDX","Q","2017-Q1",101.222370238,
"ZAF","QGDP","VOLIDX","IDX","Q","2017-Q2",101.774337898,
"ZAF","QGDP","VOLIDX","IDX","Q","2017-Q3",101.961496806,
"ZAF","QGDP","VOLIDX","IDX","Q","2017-Q4",102.36257367,
"ZAF","QGDP","VOLIDX","IDX","Q","2018-Q1",102.792147574,
"ZAF","QGDP","VOLIDX","IDX","Q","2018-Q2",102.577115632,
"ZAF","QGDP","VOLIDX","IDX","Q","2018-Q3",103.892884326,
"ZAF","QGDP","VOLIDX","IDX","Q","2018-Q4",104.259394085,
"ZAF","QGDP","VOLIDX","IDX","Q","2019-Q1",103.314870522,
"ZAF","QGDP","VOLIDX","IDX","Q","2019-Q2",103.736688532,
"ZAF","QGDP","VOLIDX","IDX","Q","2019-Q3",103.880369896,
"ZAF","QGDP","VOLIDX","IDX","Q","2019-Q4",103.844457172,
"ZAF","QGDP","VOLIDX","IDX","Q","2020-Q1",103.8451796,
"ZAF","QGDP","VOLIDX","IDX","Q","2020-Q2",86.093694182,
"ZAF","QGDP","VOLIDX","IDX","Q","2020-Q3",97.944463065,
"ZAF","QGDP","VOLIDX","IDX","Q","2020-Q4",100.585976652,
"ZAF","QGDP","VOLIDX","IDX","Q","2021-Q1",101.4137231,
"ZAF","QGDP","VOLIDX","IDX","Q","2021-Q2",102.821256834,
"ZAF","QGDP","VOLIDX","IDX","Q","2021-Q3",100.968750328,
"ZAF","QGDP","VOLIDX","IDX","Q","2021-Q4",102.351419991,
"ZAF","QGDP","VOLIDX","IDX","Q","2022-Q1",104.135532403,
"ZAF","QGDP","VOLIDX","IDX","Q","2022-Q2",103.368772735,
"OECD","QGDP","VOLIDX","IDX","Q","2015-Q1",99.24984035,
"OECD","QGDP","VOLIDX","IDX","Q","2015-Q2",99.791817849,
"OECD","QGDP","VOLIDX","IDX","Q","2015-Q3",100.306584711,
"OECD","QGDP","VOLIDX","IDX","Q","2015-Q4",100.620050924,
"OECD","QGDP","VOLIDX","IDX","Q","2016-Q1",101.172066524,
"OECD","QGDP","VOLIDX","IDX","Q","2016-Q2",101.53701554,
"OECD","QGDP","VOLIDX","IDX","Q","2016-Q3",101.940429043,
"OECD","QGDP","VOLIDX","IDX","Q","2016-Q4",102.763396344,
"OECD","QGDP","VOLIDX","IDX","Q","2017-Q1",103.421353216,
"OECD","QGDP","VOLIDX","IDX","Q","2017-Q2",104.147833105,
"OECD","QGDP","VOLIDX","IDX","Q","2017-Q3",104.971669684,
"OECD","QGDP","VOLIDX","IDX","Q","2017-Q4",105.825293855,
"OECD","QGDP","VOLIDX","IDX","Q","2018-Q1",106.397536966,
"OECD","QGDP","VOLIDX","IDX","Q","2018-Q2",107.03535289,
"OECD","QGDP","VOLIDX","IDX","Q","2018-Q3",107.334817488,
"OECD","QGDP","VOLIDX","IDX","Q","2018-Q4",107.544755383,
"OECD","QGDP","VOLIDX","IDX","Q","2019-Q1",108.178661782,
"OECD","QGDP","VOLIDX","IDX","Q","2019-Q2",108.780743409,
"OECD","QGDP","VOLIDX","IDX","Q","2019-Q3",109.353218682,
"OECD","QGDP","VOLIDX","IDX","Q","2019-Q4",109.352060338,
"OECD","QGDP","VOLIDX","IDX","Q","2020-Q1",107.586193952,
"OECD","QGDP","VOLIDX","IDX","Q","2020-Q2",96.477775936,
"OECD","QGDP","VOLIDX","IDX","Q","2020-Q3",105.583522116,
"OECD","QGDP","VOLIDX","IDX","Q","2020-Q4",106.622743039,
"OECD","QGDP","VOLIDX","IDX","Q","2021-Q1",107.480661418,
"OECD","QGDP","VOLIDX","IDX","Q","2021-Q2",109.324217792,
"OECD","QGDP","VOLIDX","IDX","Q","2021-Q3",110.638225409,
"OECD","QGDP","VOLIDX","IDX","Q","2021-Q4",112.101702856,
"OECD","QGDP","VOLIDX","IDX","Q","2022-Q1",112.386764566,
"OECD","QGDP","VOLIDX","IDX","Q","2022-Q2",112.894493495,
"OECDE","QGDP","VOLIDX","IDX","Q","2015-Q1",99.056979495,
"OECDE","QGDP","VOLIDX","IDX","Q","2015-Q2",99.678840291,
"OECDE","QGDP","VOLIDX","IDX","Q","2015-Q3",100.274952722,
"OECDE","QGDP","VOLIDX","IDX","Q","2015-Q4",100.874180888,
"OECDE","QGDP","VOLIDX","IDX","Q","2016-Q1",101.309317233,
"OECDE","QGDP","VOLIDX","IDX","Q","2016-Q2",101.79657207,
"OECDE","QGDP","VOLIDX","IDX","Q","2016-Q3",101.955700109,
"OECDE","QGDP","VOLIDX","IDX","Q","2016-Q4",103.220011309,
"OECDE","QGDP","VOLIDX","IDX","Q","2017-Q1",104.01542738,
"OECDE","QGDP","VOLIDX","IDX","Q","2017-Q2",104.98918361,
"OECDE","QGDP","VOLIDX","IDX","Q","2017-Q3",105.837745391,
"OECDE","QGDP","VOLIDX","IDX","Q","2017-Q4",106.798342002,
"OECDE","QGDP","VOLIDX","IDX","Q","2018-Q1",107.119389552,
"OECDE","QGDP","VOLIDX","IDX","Q","2018-Q2",107.757805477,
"OECDE","QGDP","VOLIDX","IDX","Q","2018-Q3",107.771111011,
"OECDE","QGDP","VOLIDX","IDX","Q","2018-Q4",108.043705565,
"OECDE","QGDP","VOLIDX","IDX","Q","2019-Q1",108.892544134,
"OECDE","QGDP","VOLIDX","IDX","Q","2019-Q2",109.452133667,
"OECDE","QGDP","VOLIDX","IDX","Q","2019-Q3",109.789253501,
"OECDE","QGDP","VOLIDX","IDX","Q","2019-Q4",110.016157032,
"OECDE","QGDP","VOLIDX","IDX","Q","2020-Q1",107.145616719,
"OECDE","QGDP","VOLIDX","IDX","Q","2020-Q2",94.112827681,
"OECDE","QGDP","VOLIDX","IDX","Q","2020-Q3",105.756030902,
"OECDE","QGDP","VOLIDX","IDX","Q","2020-Q4",105.90810454,
"OECDE","QGDP","VOLIDX","IDX","Q","2021-Q1",106.081378442,
"OECDE","QGDP","VOLIDX","IDX","Q","2021-Q2",108.719101943,
"OECDE","QGDP","VOLIDX","IDX","Q","2021-Q3",111.119819918,
"OECDE","QGDP","VOLIDX","IDX","Q","2021-Q4",112.138243002,
"OECDE","QGDP","VOLIDX","IDX","Q","2022-Q1",112.882219358,
"OECDE","QGDP","VOLIDX","IDX","Q","2022-Q2",113.665397457,
"G-7","QGDP","VOLIDX","IDX","Q","2015-Q1",99.456594112,
"G-7","QGDP","VOLIDX","IDX","Q","2015-Q2",99.904945888,
"G-7","QGDP","VOLIDX","IDX","Q","2015-Q3",100.199542329,
"G-7","QGDP","VOLIDX","IDX","Q","2015-Q4",100.402425246,
"G-7","QGDP","VOLIDX","IDX","Q","2016-Q1",101.017971437,
"G-7","QGDP","VOLIDX","IDX","Q","2016-Q2",101.208504718,
"G-7","QGDP","VOLIDX","IDX","Q","2016-Q3",101.695036,
"G-7","QGDP","VOLIDX","IDX","Q","2016-Q4",102.145532351,
"G-7","QGDP","VOLIDX","IDX","Q","2017-Q1",102.815469366,
"G-7","QGDP","VOLIDX","IDX","Q","2017-Q2",103.399449388,
"G-7","QGDP","VOLIDX","IDX","Q","2017-Q3",104.166779366,
"G-7","QGDP","VOLIDX","IDX","Q","2017-Q4",104.957185899,
"G-7","QGDP","VOLIDX","IDX","Q","2018-Q1",105.33186604,
"G-7","QGDP","VOLIDX","IDX","Q","2018-Q2",105.94084889,
"G-7","QGDP","VOLIDX","IDX","Q","2018-Q3",106.253681053,
"G-7","QGDP","VOLIDX","IDX","Q","2018-Q4",106.513351436,
"G-7","QGDP","VOLIDX","IDX","Q","2019-Q1",107.087737691,
"G-7","QGDP","VOLIDX","IDX","Q","2019-Q2",107.604497502,
"G-7","QGDP","VOLIDX","IDX","Q","2019-Q3",108.164916869,
"G-7","QGDP","VOLIDX","IDX","Q","2019-Q4",107.965518434,
"G-7","QGDP","VOLIDX","IDX","Q","2020-Q1",106.051901115,
"G-7","QGDP","VOLIDX","IDX","Q","2020-Q2",95.241010485,
"G-7","QGDP","VOLIDX","IDX","Q","2020-Q3",104.245004581,
"G-7","QGDP","VOLIDX","IDX","Q","2020-Q4",105.106936033,
"G-7","QGDP","VOLIDX","IDX","Q","2021-Q1",105.696196961,
"G-7","QGDP","VOLIDX","IDX","Q","2021-Q2",107.600427019,
"G-7","QGDP","VOLIDX","IDX","Q","2021-Q3",108.656993523,
"G-7","QGDP","VOLIDX","IDX","Q","2021-Q4",110.032679051,
"G-7","QGDP","VOLIDX","IDX","Q","2022-Q1",109.98209694,
"G-7","QGDP","VOLIDX","IDX","Q","2022-Q2",110.198656317,
"G-20","QGDP","VOLIDX","IDX","Q","2015-Q1",98.835120715,
"G-20","QGDP","VOLIDX","IDX","Q","2015-Q2",99.594027494,
"G-20","QGDP","VOLIDX","IDX","Q","2015-Q3",100.400062575,
"G-20","QGDP","VOLIDX","IDX","Q","2015-Q4",101.06957418,
"G-20","QGDP","VOLIDX","IDX","Q","2016-Q1",101.979417819,
"G-20","QGDP","VOLIDX","IDX","Q","2016-Q2",102.71368461,
"G-20","QGDP","VOLIDX","IDX","Q","2016-Q3",103.50237773,
"G-20","QGDP","VOLIDX","IDX","Q","2016-Q4",104.575287018,
"G-20","QGDP","VOLIDX","IDX","Q","2017-Q1",105.470235058,
"G-20","QGDP","VOLIDX","IDX","Q","2017-Q2",106.555584669,
"G-20","QGDP","VOLIDX","IDX","Q","2017-Q3",107.63184126,
"G-20","QGDP","VOLIDX","IDX","Q","2017-Q4",108.696510835,
"G-20","QGDP","VOLIDX","IDX","Q","2018-Q1",109.76336006,
"G-20","QGDP","VOLIDX","IDX","Q","2018-Q2",110.67599537,
"G-20","QGDP","VOLIDX","IDX","Q","2018-Q3",111.388378648,
"G-20","QGDP","VOLIDX","IDX","Q","2018-Q4",112.039619346,
"G-20","QGDP","VOLIDX","IDX","Q","2019-Q1",112.995645151,
"G-20","QGDP","VOLIDX","IDX","Q","2019-Q2",114.019658359,
"G-20","QGDP","VOLIDX","IDX","Q","2019-Q3",114.569916735,
"G-20","QGDP","VOLIDX","IDX","Q","2019-Q4",114.889895636,
"G-20","QGDP","VOLIDX","IDX","Q","2020-Q1",111.220644691,
"G-20","QGDP","VOLIDX","IDX","Q","2020-Q2",104.116304956,
"G-20","QGDP","VOLIDX","IDX","Q","2020-Q3",112.3390071,
"G-20","QGDP","VOLIDX","IDX","Q","2020-Q4",114.420145902,
"G-20","QGDP","VOLIDX","IDX","Q","2021-Q1",115.144086286,
"G-20","QGDP","VOLIDX","IDX","Q","2021-Q2",116.597223533,
"G-20","QGDP","VOLIDX","IDX","Q","2021-Q3",117.725844028,
"EA19","QGDP","VOLIDX","IDX","Q","2015-Q1",99.269788303,
"EA19","QGDP","VOLIDX","IDX","Q","2015-Q2",99.730395981,
"EA19","QGDP","VOLIDX","IDX","Q","2015-Q3",100.148035015,
"EA19","QGDP","VOLIDX","IDX","Q","2015-Q4",100.609410799,
"EA19","QGDP","VOLIDX","IDX","Q","2016-Q1",101.165942064,
"EA19","QGDP","VOLIDX","IDX","Q","2016-Q2",101.406137946,
"EA19","QGDP","VOLIDX","IDX","Q","2016-Q3",101.888912418,
"EA19","QGDP","VOLIDX","IDX","Q","2016-Q4",102.65711,
"EA19","QGDP","VOLIDX","IDX","Q","2017-Q1",103.358986384,
"EA19","QGDP","VOLIDX","IDX","Q","2017-Q2",104.17246353,
"EA19","QGDP","VOLIDX","IDX","Q","2017-Q3",104.986791017,
"EA19","QGDP","VOLIDX","IDX","Q","2017-Q4",105.834800271,
"EA19","QGDP","VOLIDX","IDX","Q","2018-Q1",105.831716919,
"EA19","QGDP","VOLIDX","IDX","Q","2018-Q2",106.39607273,
"EA19","QGDP","VOLIDX","IDX","Q","2018-Q3",106.408584858,
"EA19","QGDP","VOLIDX","IDX","Q","2018-Q4",107.100348283,
"EA19","QGDP","VOLIDX","IDX","Q","2019-Q1",107.765504601,
"EA19","QGDP","VOLIDX","IDX","Q","2019-Q2",108.105349862,
"EA19","QGDP","VOLIDX","IDX","Q","2019-Q3",108.334237666,
"EA19","QGDP","VOLIDX","IDX","Q","2019-Q4",108.352755437,
"EA19","QGDP","VOLIDX","IDX","Q","2020-Q1",104.692986143,
"EA19","QGDP","VOLIDX","IDX","Q","2020-Q2",92.703549648,
"EA19","QGDP","VOLIDX","IDX","Q","2020-Q3",104.184368427,
"EA19","QGDP","VOLIDX","IDX","Q","2020-Q4",103.900449187,
"EA19","QGDP","VOLIDX","IDX","Q","2021-Q1",103.830291914,
"EA19","QGDP","VOLIDX","IDX","Q","2021-Q2",105.892983602,
"EA19","QGDP","VOLIDX","IDX","Q","2021-Q3",108.280857823,
"EA19","QGDP","VOLIDX","IDX","Q","2021-Q4",108.840024037,
"EA19","QGDP","VOLIDX","IDX","Q","2022-Q1",109.494965479,
"EA19","QGDP","VOLIDX","IDX","Q","2022-Q2",110.394384371,
"EA19","QGDP","VOLIDX","IDX","Q","2022-Q3",110.597495906,
"BGR","QGDP","VOLIDX","IDX","Q","2015-Q1",98.586506928,
"BGR","QGDP","VOLIDX","IDX","Q","2015-Q2",99.301364164,
"BGR","QGDP","VOLIDX","IDX","Q","2015-Q3",100.380929033,
"BGR","QGDP","VOLIDX","IDX","Q","2015-Q4",101.030429485,
"BGR","QGDP","VOLIDX","IDX","Q","2016-Q1",101.820368551,
"BGR","QGDP","VOLIDX","IDX","Q","2016-Q2",102.590828341,
"BGR","QGDP","VOLIDX","IDX","Q","2016-Q3",103.097725119,
"BGR","QGDP","VOLIDX","IDX","Q","2016-Q4",104.067603514,
"BGR","QGDP","VOLIDX","IDX","Q","2017-Q1",104.691750745,
"BGR","QGDP","VOLIDX","IDX","Q","2017-Q2",105.416041517,
"BGR","QGDP","VOLIDX","IDX","Q","2017-Q3",106.136349889,
"BGR","QGDP","VOLIDX","IDX","Q","2017-Q4",106.79493104,
"BGR","QGDP","VOLIDX","IDX","Q","2018-Q1",107.289876847,
"BGR","QGDP","VOLIDX","IDX","Q","2018-Q2",108.221890604,
"BGR","QGDP","VOLIDX","IDX","Q","2018-Q3",109.328798842,
"BGR","QGDP","VOLIDX","IDX","Q","2018-Q4",110.294035582,
"BGR","QGDP","VOLIDX","IDX","Q","2019-Q1",111.678583674,
"BGR","QGDP","VOLIDX","IDX","Q","2019-Q2",112.932477963,
"BGR","QGDP","VOLIDX","IDX","Q","2019-Q3",113.139125008,
"BGR","QGDP","VOLIDX","IDX","Q","2019-Q4",114.44453509,
"BGR","QGDP","VOLIDX","IDX","Q","2020-Q1",110.128317983,
"BGR","QGDP","VOLIDX","IDX","Q","2020-Q2",104.816931832,
"BGR","QGDP","VOLIDX","IDX","Q","2020-Q3",108.568222226,
"BGR","QGDP","VOLIDX","IDX","Q","2020-Q4",110.537962001,
"BGR","QGDP","VOLIDX","IDX","Q","2021-Q1",113.579913387,
"BGR","QGDP","VOLIDX","IDX","Q","2021-Q2",115.057461706,
"BGR","QGDP","VOLIDX","IDX","Q","2021-Q3",117.149147214,
"BGR","QGDP","VOLIDX","IDX","Q","2021-Q4",118.982122375,
"BGR","QGDP","VOLIDX","IDX","Q","2022-Q1",119.563992862,
"BGR","QGDP","VOLIDX","IDX","Q","2022-Q2",120.61122437,
"ROU","QGDP","VOLIDX","IDX","Q","2015-Q1",99.112386727,
"ROU","QGDP","VOLIDX","IDX","Q","2015-Q2",98.175199688,
"ROU","QGDP","VOLIDX","IDX","Q","2015-Q3",100.454735723,
"ROU","QGDP","VOLIDX","IDX","Q","2015-Q4",101.655363753,
"ROU","QGDP","VOLIDX","IDX","Q","2016-Q1",101.619647783,
"ROU","QGDP","VOLIDX","IDX","Q","2016-Q2",102.194532028,
"ROU","QGDP","VOLIDX","IDX","Q","2016-Q3",102.604837085,
"ROU","QGDP","VOLIDX","IDX","Q","2016-Q4",104.509784033,
"ROU","QGDP","VOLIDX","IDX","Q","2017-Q1",108.625120899,
"ROU","QGDP","VOLIDX","IDX","Q","2017-Q2",109.635168515,
"ROU","QGDP","VOLIDX","IDX","Q","2017-Q3",112.599593981,
"ROU","QGDP","VOLIDX","IDX","Q","2017-Q4",113.107046475,
"ROU","QGDP","VOLIDX","IDX","Q","2018-Q1",114.867700906,
"ROU","QGDP","VOLIDX","IDX","Q","2018-Q2",117.23266954,
"ROU","QGDP","VOLIDX","IDX","Q","2018-Q3",119.177046918,
"ROU","QGDP","VOLIDX","IDX","Q","2018-Q4",119.47591815,
"ROU","QGDP","VOLIDX","IDX","Q","2019-Q1",120.445963881,
"ROU","QGDP","VOLIDX","IDX","Q","2019-Q2",122.020609543,
"ROU","QGDP","VOLIDX","IDX","Q","2019-Q3",122.527490582,
"ROU","QGDP","VOLIDX","IDX","Q","2019-Q4",124.232142372,
"ROU","QGDP","VOLIDX","IDX","Q","2020-Q1",123.664972777,
"ROU","QGDP","VOLIDX","IDX","Q","2020-Q2",110.088332736,
"ROU","QGDP","VOLIDX","IDX","Q","2020-Q3",115.846032742,
"ROU","QGDP","VOLIDX","IDX","Q","2020-Q4",122.572349839,
"ROU","QGDP","VOLIDX","IDX","Q","2021-Q1",123.149519906,"P"
"ROU","QGDP","VOLIDX","IDX","Q","2021-Q2",126.965414084,"P"
"ROU","QGDP","VOLIDX","IDX","Q","2021-Q3",122.294908189,"P"
"ROU","QGDP","VOLIDX","IDX","Q","2021-Q4",124.323860982,"P"
"ROU","QGDP","VOLIDX","IDX","Q","2022-Q1",130.971888675,"P"
"ROU","QGDP","VOLIDX","IDX","Q","2022-Q2",133.358286891,"P"
"EU27_2020","QGDP","VOLIDX","IDX","Q","2015-Q1",99.196106869,
"EU27_2020","QGDP","VOLIDX","IDX","Q","2015-Q2",99.683040031,
"EU27_2020","QGDP","VOLIDX","IDX","Q","2015-Q3",100.207623095,
"EU27_2020","QGDP","VOLIDX","IDX","Q","2015-Q4",100.710336675,
"EU27_2020","QGDP","VOLIDX","IDX","Q","2016-Q1",101.210191407,
"EU27_2020","QGDP","VOLIDX","IDX","Q","2016-Q2",101.522980511,
"EU27_2020","QGDP","VOLIDX","IDX","Q","2016-Q3",102.004409572,
"EU27_2020","QGDP","VOLIDX","IDX","Q","2016-Q4",102.851835151,
"EU27_2020","QGDP","VOLIDX","IDX","Q","2017-Q1",103.624303698,
"EU27_2020","QGDP","VOLIDX","IDX","Q","2017-Q2",104.502075687,
"EU27_2020","QGDP","VOLIDX","IDX","Q","2017-Q3",105.345161948,
"EU27_2020","QGDP","VOLIDX","IDX","Q","2017-Q4",106.209873916,
"EU27_2020","QGDP","VOLIDX","IDX","Q","2018-Q1",106.347762165,
"EU27_2020","QGDP","VOLIDX","IDX","Q","2018-Q2",107.006131038,
"EU27_2020","QGDP","VOLIDX","IDX","Q","2018-Q3",107.11163707,
"EU27_2020","QGDP","VOLIDX","IDX","Q","2018-Q4",107.834864237,
"EU27_2020","QGDP","VOLIDX","IDX","Q","2019-Q1",108.557337319,
"EU27_2020","QGDP","VOLIDX","IDX","Q","2019-Q2",108.972491783,
"EU27_2020","QGDP","VOLIDX","IDX","Q","2019-Q3",109.251931652,
"EU27_2020","QGDP","VOLIDX","IDX","Q","2019-Q4",109.338009595,
"EU27_2020","QGDP","VOLIDX","IDX","Q","2020-Q1",106.099385096,
"EU27_2020","QGDP","VOLIDX","IDX","Q","2020-Q2",94.33488472,
"EU27_2020","QGDP","VOLIDX","IDX","Q","2020-Q3",105.241975924,
"EU27_2020","QGDP","VOLIDX","IDX","Q","2020-Q4",105.161845397,
"EU27_2020","QGDP","VOLIDX","IDX","Q","2021-Q1",105.308417222,
"EU27_2020","QGDP","VOLIDX","IDX","Q","2021-Q2",107.378890732,
"EU27_2020","QGDP","VOLIDX","IDX","Q","2021-Q3",109.627554954,
"EU27_2020","QGDP","VOLIDX","IDX","Q","2021-Q4",110.392055423,
"EU27_2020","QGDP","VOLIDX","IDX","Q","2022-Q1",111.200962488,
"EU27_2020","QGDP","VOLIDX","IDX","Q","2022-Q2",112.008427908,
"EU27_2020","QGDP","VOLIDX","IDX","Q","2022-Q3",112.21986677,
"HRV","QGDP","VOLIDX","IDX","Q","2015-Q1",98.440547918,
"HRV","QGDP","VOLIDX","IDX","Q","2015-Q2",99.675558786,
"HRV","QGDP","VOLIDX","IDX","Q","2015-Q3",101.459862528,
"HRV","QGDP","VOLIDX","IDX","Q","2015-Q4",100.093939617,
"HRV","QGDP","VOLIDX","IDX","Q","2016-Q1",102.680507891,
"HRV","QGDP","VOLIDX","IDX","Q","2016-Q2",102.985059353,
"HRV","QGDP","VOLIDX","IDX","Q","2016-Q3",103.502602776,
"HRV","QGDP","VOLIDX","IDX","Q","2016-Q4",104.83844122,
"HRV","QGDP","VOLIDX","IDX","Q","2017-Q1",106.21935091,
"HRV","QGDP","VOLIDX","IDX","Q","2017-Q2",106.222405058,
"HRV","QGDP","VOLIDX","IDX","Q","2017-Q3",107.603223304,
"HRV","QGDP","VOLIDX","IDX","Q","2017-Q4",107.969512161,
"HRV","QGDP","VOLIDX","IDX","Q","2018-Q1",108.149388154,
"HRV","QGDP","VOLIDX","IDX","Q","2018-Q2",110.415972672,
"HRV","QGDP","VOLIDX","IDX","Q","2018-Q3",110.566723672,
"HRV","QGDP","VOLIDX","IDX","Q","2018-Q4",111.258741931,
"HRV","QGDP","VOLIDX","IDX","Q","2019-Q1",113.201546735,
"HRV","QGDP","VOLIDX","IDX","Q","2019-Q2",114.295528246,
"HRV","QGDP","VOLIDX","IDX","Q","2019-Q3",113.572905607,
"HRV","QGDP","VOLIDX","IDX","Q","2019-Q4",114.939312748,
"HRV","QGDP","VOLIDX","IDX","Q","2020-Q1",114.091458649,"P"
"HRV","QGDP","VOLIDX","IDX","Q","2020-Q2",98.03632574,"P"
"HRV","QGDP","VOLIDX","IDX","Q","2020-Q3",101.563098944,"P"
"HRV","QGDP","VOLIDX","IDX","Q","2020-Q4",106.900540287,"P"
"HRV","QGDP","VOLIDX","IDX","Q","2021-Q1",113.238351215,"P"
"HRV","QGDP","VOLIDX","IDX","Q","2021-Q2",114.418848606,"P"
"HRV","QGDP","VOLIDX","IDX","Q","2021-Q3",116.470049927,"P"
"HRV","QGDP","VOLIDX","IDX","Q","2021-Q4",117.698062774,"P"
"HRV","QGDP","VOLIDX","IDX","Q","2022-Q1",120.971251834,"P"
"HRV","QGDP","VOLIDX","IDX","Q","2022-Q2",123.339822324,"P"
